"کد (ID)","نام ماده اولیه","دسته‌بندی","واحد پیش‌فرض","نسبت‌های تبدیل واحد (مفصل)"
"1","پیاز زرد","سبزیجات و صیفی‌جات","عدد","۱ عدد = 0.75 عدد بزرگ | ۱ عدد = 1.5 عدد کوچک | ۱ عدد = 150 گرم | ۱ عدد = 0.15 کیلوگرم"
"2","پیاز قرمز","سبزیجات و صیفی‌جات","عدد","۱ عدد = ۰.۷۵ عدد بزرگ | ۱.۵ عدد کوچک | ۱۵۰ گرم | ۰.۱۵ کیلوگرم (پایه عمومی)"
"3","پیاز سفید","سبزیجات و صیفی‌جات","عدد","۱ عدد = ۰.۷۵ عدد بزرگ | ۱.۵ عدد کوچک | ۱۵۰ گرم | ۰.۱۵ کیلوگرم (پایه عمومی)"
"4","سیر تازه","سبزیجات و صیفی‌جات","حبه","۱ حبه = ۵ گرم | ۰.۲ بوته (پایه عمومی)"
"5","گوجه فرنگی","سبزیجات و صیفی‌جات","عدد","۱ عدد = ۰.۷۵ عدد بزرگ | ۱.۵ عدد کوچک | ۱۵۰ گرم | ۰.۱۵ کیلوگرم (پایه عمومی)"
"6","گوجه گیلاسی","سبزیجات و صیفی‌جات","عدد","۱ عدد = ۰.۷۵ عدد بزرگ | ۱.۵ عدد کوچک | ۱۵۰ گرم | ۰.۱۵ کیلوگرم (پایه عمومی)"
"7","سیب زمینی پشندی","سبزیجات و صیفی‌جات","عدد","۱ عدد = 0.75 عدد بزرگ | ۱ عدد = 1.5 عدد کوچک | ۱ عدد = 160 گرم | ۱ عدد = 0.166 کیلوگرم"
"8","سیب زمینی ترش","سبزیجات و صیفی‌جات","عدد","۱ عدد = ۰.۷۵ عدد بزرگ | ۱.۵ عدد کوچک | ۱۵۰ گرم | ۰.۱۵ کیلوگرم (پایه عمومی)"
"9","سبزی قورمه","سبزیجات و صیفی‌جات","گرم","۱ گرم = ۰.۰۰۱ کیلوگرم | ۰.۰۰۴۱۶ پیمانه | ۰.۰۶۶۷ قاشق غذاخوری (پایه عمومی)"
"10","سبزی خوردن","سبزیجات و صیفی‌جات","گرم","۱ گرم = ۰.۰۰۱ کیلوگرم | ۰.۰۰۴۱۶ پیمانه | ۰.۰۶۶۷ قاشق غذاخوری (پایه عمومی)"
"11","سبزی کوکو","سبزیجات و صیفی‌جات","گرم","۱ گرم = ۰.۰۰۱ کیلوگرم | ۰.۰۰۴۱۶ پیمانه | ۰.۰۶۶۷ قاشق غذاخوری (پایه عمومی)"
"12","سبزی آش","سبزیجات و صیفی‌جات","گرم","۱ گرم = ۰.۰۰۱ کیلوگرم | ۰.۰۰۴۱۶ پیمانه | ۰.۰۶۶۷ قاشق غذاخوری (پایه عمومی)"
"13","سبزی پلویی","سبزیجات و صیفی‌جات","گرم","۱ گرم = ۰.۰۰۱ کیلوگرم | ۰.۰۰۴۱۶ پیمانه | ۰.۰۶۶۷ قاشق غذاخوری (پایه عمومی)"
"14","سبزی سوپ","سبزیجات و صیفی‌جات","گرم","۱ گرم = ۰.۰۰۱ کیلوگرم | ۰.۰۰۴۱۶ پیمانه | ۰.۰۶۶۷ قاشق غذاخوری (پایه عمومی)"
"15","سبزی دلمه","سبزیجات و صیفی‌جات","گرم","۱ گرم = ۰.۰۰۱ کیلوگرم | ۰.۰۰۴۱۶ پیمانه | ۰.۰۶۶۷ قاشق غذاخوری (پایه عمومی)"
"16","سبزی شکم‌پر","سبزیجات و صیفی‌جات","گرم","۱ گرم = ۰.۰۰۱ کیلوگرم | ۰.۰۰۴۱۶ پیمانه | ۰.۰۶۶۷ قاشق غذاخوری (پایه عمومی)"
"17","بادمجان قلمی","سبزیجات و صیفی‌جات","عدد","۱ عدد = ۰.۷۵ عدد بزرگ | ۱.۵ عدد کوچک | ۱۵۰ گرم | ۰.۱۵ کیلوگرم (پایه عمومی)"
"18","بادمجان دلمه‌ای","سبزیجات و صیفی‌جات","عدد","۱ عدد = ۰.۷۵ عدد بزرگ | ۱.۵ عدد کوچک | ۱۵۰ گرم | ۰.۱۵ کیلوگرم (پایه عمومی)"
"19","خیار بوته‌ای","سبزیجات و صیفی‌جات","عدد","۱ عدد = ۰.۷۵ عدد بزرگ | ۱.۵ عدد کوچک | ۱۵۰ گرم | ۰.۱۵ کیلوگرم (پایه عمومی)"
"20","خیار گلخانه‌ای","سبزیجات و صیفی‌جات","عدد","۱ عدد = ۰.۷۵ عدد بزرگ | ۱.۵ عدد کوچک | ۱۵۰ گرم | ۰.۱۵ کیلوگرم (پایه عمومی)"
"21","کاهو رسمی","سبزیجات و صیفی‌جات","عدد","۱ عدد = ۰.۷۵ عدد بزرگ | ۱.۵ عدد کوچک | ۱۵۰ گرم | ۰.۱۵ کیلوگرم (پایه عمومی)"
"22","کاهو پیچ (آیسبرگ)","سبزیجات و صیفی‌جات","عدد","۱ عدد = ۰.۷۵ عدد بزرگ | ۱.۵ عدد کوچک | ۱۵۰ گرم | ۰.۱۵ کیلوگرم (پایه عمومی)"
"23","کاهو فرانسوی","سبزیجات و صیفی‌جات","عدد","۱ عدد = ۰.۷۵ عدد بزرگ | ۱.۵ عدد کوچک | ۱۵۰ گرم | ۰.۱۵ کیلوگرم (پایه عمومی)"
"24","هویج","سبزیجات و صیفی‌جات","عدد","۱ عدد = ۰.۷۵ عدد بزرگ | ۱.۵ عدد کوچک | ۱۵۰ گرم | ۰.۱۵ کیلوگرم (پایه عمومی)"
"25","قارچ دکمه‌ای","سبزیجات و صیفی‌جات","گرم","۱ گرم = ۰.۰۰۱ کیلوگرم | ۰.۰۰۴۱۶ پیمانه | ۰.۰۶۶۷ قاشق غذاخوری (پایه عمومی)"
"26","قارچ صدفی","سبزیجات و صیفی‌جات","گرم","۱ گرم = ۰.۰۰۱ کیلوگرم | ۰.۰۰۴۱۶ پیمانه | ۰.۰۶۶۷ قاشق غذاخوری (پایه عمومی)"
"27","قارچ بلانچ‌شده","سبزیجات و صیفی‌جات","گرم","۱ گرم = ۰.۰۰۱ کیلوگرم | ۰.۰۰۴۱۶ پیمانه | ۰.۰۶۶۷ قاشق غذاخوری (پایه عمومی)"
"28","فلفل دلمه‌ای سبز","سبزیجات و صیفی‌جات","عدد","۱ عدد = ۰.۷۵ عدد بزرگ | ۱.۵ عدد کوچک | ۱۵۰ گرم | ۰.۱۵ کیلوگرم (پایه عمومی)"
"29","فلفل دلمه‌ای رنگی","سبزیجات و صیفی‌جات","عدد","۱ عدد = ۰.۷۵ عدد بزرگ | ۱.۵ عدد کوچک | ۱۵۰ گرم | ۰.۱۵ کیلوگرم (پایه عمومی)"
"30","فلفل سبز قلمی (تند)","سبزیجات و صیفی‌جات","عدد","۱ عدد = ۰.۷۵ عدد بزرگ | ۱.۵ عدد کوچک | ۱۵۰ گرم | ۰.۱۵ کیلوگرم (پایه عمومی)"
"31","فلفل شیرین","سبزیجات و صیفی‌جات","عدد","۱ عدد = ۰.۷۵ عدد بزرگ | ۱.۵ عدد کوچک | ۱۵۰ گرم | ۰.۱۵ کیلوگرم (پایه عمومی)"
"32","کدو سبز","سبزیجات و صیفی‌جات","عدد","۱ عدد = ۰.۷۵ عدد بزرگ | ۱.۵ عدد کوچک | ۱۵۰ گرم | ۰.۱۵ کیلوگرم (پایه عمومی)"
"33","کدو حلوایی (تنبل)","سبزیجات و صیفی‌جات","گرم","۱ گرم = ۰.۰۰۱ کیلوگرم | ۰.۰۰۴۱۶ پیمانه | ۰.۰۶۶۷ قاشق غذاخوری (پایه عمومی)"
"34","کرفس","سبزیجات و صیفی‌جات","دسته","۱ دسته = ۵۰ گرم (حدودی) | ۰.۰۵ کیلوگرم (پایه عمومی)"
"35","اسفناج تازه","سبزیجات و صیفی‌جات","گرم","۱ گرم = ۰.۰۰۱ کیلوگرم | ۰.۰۰۴۱۶ پیمانه | ۰.۰۶۶۷ قاشق غذاخوری (پایه عمومی)"
"36","جعفری تازه","سبزیجات و صیفی‌جات","دسته","۱ دسته = ۵۰ گرم (حدودی) | ۰.۰۵ کیلوگرم (پایه عمومی)"
"37","گشنیز تازه","سبزیجات و صیفی‌جات","دسته","۱ دسته = ۵۰ گرم (حدودی) | ۰.۰۵ کیلوگرم (پایه عمومی)"
"38","شنبلیله تازه","سبزیجات و صیفی‌جات","دسته","۱ دسته = ۵۰ گرم (حدودی) | ۰.۰۵ کیلوگرم (پایه عمومی)"
"39","نعناع تازه","سبزیجات و صیفی‌جات","دسته","۱ دسته = ۵۰ گرم (حدودی) | ۰.۰۵ کیلوگرم (پایه عمومی)"
"40","شوید تازه","سبزیجات و صیفی‌جات","دسته","۱ دسته = ۵۰ گرم (حدودی) | ۰.۰۵ کیلوگرم (پایه عمومی)"
"41","تره تازه","سبزیجات و صیفی‌جات","دسته","۱ دسته = ۵۰ گرم (حدودی) | ۰.۰۵ کیلوگرم (پایه عمومی)"
"42","ریحان بنفش","سبزیجات و صیفی‌جات","دسته","۱ دسته = ۵۰ گرم (حدودی) | ۰.۰۵ کیلوگرم (پایه عمومی)"
"43","ریحان سبز","سبزیجات و صیفی‌جات","دسته","۱ دسته = ۵۰ گرم (حدودی) | ۰.۰۵ کیلوگرم (پایه عمومی)"
"44","مرزه تازه","سبزیجات و صیفی‌جات","دسته","۱ دسته = ۵۰ گرم (حدودی) | ۰.۰۵ کیلوگرم (پایه عمومی)"
"45","ترخون تازه","سبزیجات و صیفی‌جات","دسته","۱ دسته = ۵۰ گرم (حدودی) | ۰.۰۵ کیلوگرم (پایه عمومی)"
"46","شاهی","سبزیجات و صیفی‌جات","دسته","۱ دسته = ۵۰ گرم (حدودی) | ۰.۰۵ کیلوگرم (پایه عمومی)"
"47","تربچه","سبزیجات و صیفی‌جات","دسته","۱ دسته = ۵۰ گرم (حدودی) | ۰.۰۵ کیلوگرم (پایه عمومی)"
"48","شلغم","سبزیجات و صیفی‌جات","عدد","۱ عدد = ۰.۷۵ عدد بزرگ | ۱.۵ عدد کوچک | ۱۵۰ گرم | ۰.۱۵ کیلوگرم (پایه عمومی)"
"49","چغندر (لبو)","سبزیجات و صیفی‌جات","عدد","۱ عدد = ۰.۷۵ عدد بزرگ | ۱.۵ عدد کوچک | ۱۵۰ گرم | ۰.۱۵ کیلوگرم (پایه عمومی)"
"50","گل کلم","سبزیجات و صیفی‌جات","گرم","۱ گرم = ۰.۰۰۱ کیلوگرم | ۰.۰۰۴۱۶ پیمانه | ۰.۰۶۶۷ قاشق غذاخوری (پایه عمومی)"
"51","کلم بروکلی","سبزیجات و صیفی‌جات","گرم","۱ گرم = ۰.۰۰۱ کیلوگرم | ۰.۰۰۴۱۶ پیمانه | ۰.۰۶۶۷ قاشق غذاخوری (پایه عمومی)"
"52","کلم برگ سفید","سبزیجات و صیفی‌جات","عدد","۱ عدد = ۰.۷۵ عدد بزرگ | ۱.۵ عدد کوچک | ۱۵۰ گرم | ۰.۱۵ کیلوگرم (پایه عمومی)"
"53","کلم برگ قرمز","سبزیجات و صیفی‌جات","عدد","۱ عدد = ۰.۷۵ عدد بزرگ | ۱.۵ عدد کوچک | ۱۵۰ گرم | ۰.۱۵ کیلوگرم (پایه عمومی)"
"54","کلم قمری","سبزیجات و صیفی‌جات","عدد","۱ عدد = ۰.۷۵ عدد بزرگ | ۱.۵ عدد کوچک | ۱۵۰ گرم | ۰.۱۵ کیلوگرم (پایه عمومی)"
"55","نخود فرنگی تازه","سبزیجات و صیفی‌جات","گرم","۱ گرم = ۰.۰۰۱ کیلوگرم | ۰.۰۰۴۱۶ پیمانه | ۰.۰۶۶۷ قاشق غذاخوری (پایه عمومی)"
"56","ذرت بلال","سبزیجات و صیفی‌جات","عدد","۱ عدد = ۰.۷۵ عدد بزرگ | ۱.۵ عدد کوچک | ۱۵۰ گرم | ۰.۱۵ کیلوگرم (پایه عمومی)"
"57","لوبیای سبز","سبزیجات و صیفی‌جات","گرم","۱ گرم = ۰.۰۰۱ کیلوگرم | ۰.۰۰۴۱۶ پیمانه | ۰.۰۶۶۷ قاشق غذاخوری (پایه عمومی)"
"58","بامیه تازه","سبزیجات و صیفی‌جات","گرم","۱ گرم = ۰.۰۰۱ کیلوگرم | ۰.۰۰۴۱۶ پیمانه | ۰.۰۶۶۷ قاشق غذاخوری (پایه عمومی)"
"59","کنگر تازه","سبزیجات و صیفی‌جات","گرم","۱ گرم = ۰.۰۰۱ کیلوگرم | ۰.۰۰۴۱۶ پیمانه | ۰.۰۶۶۷ قاشق غذاخوری (پایه عمومی)"
"60","پیازچه","سبزیجات و صیفی‌جات","دسته","۱ دسته = ۵۰ گرم (حدودی) | ۰.۰۵ کیلوگرم (پایه عمومی)"
"61","تره فرنگی","سبزیجات و صیفی‌جات","دسته","۱ دسته = ۵۰ گرم (حدودی) | ۰.۰۵ کیلوگرم (پایه عمومی)"
"62","برگ مو (برگ تاک)","سبزیجات و صیفی‌جات","گرم","۱ گرم = ۰.۰۰۱ کیلوگرم | ۰.۰۰۴۱۶ پیمانه | ۰.۰۶۶۷ قاشق غذاخوری (پایه عمومی)"
"63","سیر کوهی (والک)","سبزیجات و صیفی‌جات","دسته","۱ دسته = ۵۰ گرم (حدودی) | ۰.۰۵ کیلوگرم (پایه عمومی)"
"64","ریواس تازه","سبزیجات و صیفی‌جات","دسته","۱ دسته = ۵۰ گرم (حدودی) | ۰.۰۵ کیلوگرم (پایه عمومی)"
"65","زیتون سبز بدون هسته","سبزیجات و صیفی‌جات","گرم","۱ گرم = ۰.۰۰۱ کیلوگرم | ۰.۰۰۴۱۶ پیمانه | ۰.۰۶۶۷ قاشق غذاخوری (پایه عمومی)"
"66","زیتون سیاه","سبزیجات و صیفی‌جات","گرم","۱ گرم = ۰.۰۰۱ کیلوگرم | ۰.۰۰۴۱۶ پیمانه | ۰.۰۶۶۷ قاشق غذاخوری (پایه عمومی)"
"67","زیتون پرورده","سبزیجات و صیفی‌جات","گرم","۱ گرم = ۰.۰۰۱ کیلوگرم | ۰.۰۰۴۱۶ پیمانه | ۰.۰۶۶۷ قاشق غذاخوری (پایه عمومی)"
"68","جوانه گندم","سبزیجات و صیفی‌جات","بسته","۱ بسته = ۲۰۰ گرم | ۱ عدد بسته (پایه عمومی)"
"69","جوانه ماش","سبزیجات و صیفی‌جات","بسته","۱ بسته = ۲۰۰ گرم | ۱ عدد بسته (پایه عمومی)"
"70","آووکادو","سبزیجات و صیفی‌جات","عدد","۱ عدد = ۰.۷۵ عدد بزرگ | ۱.۵ عدد کوچک | ۱۵۰ گرم | ۰.۱۵ کیلوگرم (پایه عمومی)"
"71","گوشت گوسفندی (ران)","گوشت قرمز و ماکیان","گرم","۱ گرم = ۰.۰۰۱ کیلوگرم | ۰.۰۰۴۱۶ پیمانه | ۰.۰۶۶۷ قاشق غذاخوری (پایه عمومی)"
"72","گوشت گوسفندی (سردست)","گوشت قرمز و ماکیان","گرم","۱ گرم = ۰.۰۰۱ کیلوگرم | ۰.۰۰۴۱۶ پیمانه | ۰.۰۶۶۷ قاشق غذاخوری (پایه عمومی)"
"73","گوشت گوسفندی (گردن)","گوشت قرمز و ماکیان","گرم","۱ گرم = ۰.۰۰۱ کیلوگرم | ۰.۰۰۴۱۶ پیمانه | ۰.۰۶۶۷ قاشق غذاخوری (پایه عمومی)"
"74","گوشت گوسفندی (ماهیچه)","گوشت قرمز و ماکیان","گرم","۱ گرم = ۰.۰۰۱ کیلوگرم | ۰.۰۰۴۱۶ پیمانه | ۰.۰۶۶۷ قاشق غذاخوری (پایه عمومی)"
"75","دنده گوسفندی (شیشلیک)","گوشت قرمز و ماکیان","گرم","۱ گرم = ۰.۰۰۱ کیلوگرم | ۰.۰۰۴۱۶ پیمانه | ۰.۰۶۶۷ قاشق غذاخوری (پایه عمومی)"
"76","فیله گوسفندی","گوشت قرمز و ماکیان","گرم","۱ گرم = ۰.۰۰۱ کیلوگرم | ۰.۰۰۴۱۶ پیمانه | ۰.۰۶۶۷ قاشق غذاخوری (پایه عمومی)"
"77","گوشت گوساله (راسته)","گوشت قرمز و ماکیان","گرم","۱ گرم = ۰.۰۰۱ کیلوگرم | ۰.۰۰۴۱۶ پیمانه | ۰.۰۶۶۷ قاشق غذاخوری (پایه عمومی)"
"78","گوشت گوساله (فیله)","گوشت قرمز و ماکیان","گرم","۱ گرم = ۰.۰۰۱ کیلوگرم | ۰.۰۰۴۱۶ پیمانه | ۰.۰۶۶۷ قاشق غذاخوری (پایه عمومی)"
"79","گوشت گوساله (ران)","گوشت قرمز و ماکیان","گرم","۱ گرم = ۰.۰۰۱ کیلوگرم | ۰.۰۰۴۱۶ پیمانه | ۰.۰۶۶۷ قاشق غذاخوری (پایه عمومی)"
"80","گوشت چرخ‌کرده گوسفندی","گوشت قرمز و ماکیان","گرم","۱ گرم = ۰.۰۰۱ کیلوگرم | ۰.۰۰۴۱۶ پیمانه | ۰.۰۶۶۷ قاشق غذاخوری (پایه عمومی)"
"81","گوشت چرخ‌کرده مخلوط","گوشت قرمز و ماکیان","گرم","۱ گرم = ۰.۰۰۱ کیلوگرم | ۰.۰۰۴۱۶ پیمانه | ۰.۰۶۶۷ قاشق غذاخوری (پایه عمومی)"
"82","گوشت چرخ‌کرده گوساله","گوشت قرمز و ماکیان","گرم","۱ گرم = ۰.۰۰۱ کیلوگرم | ۰.۰۰۴۱۶ پیمانه | ۰.۰۶۶۷ قاشق غذاخوری (پایه عمومی)"
"83","سیرابی و شیردان","گوشت قرمز و ماکیان","دست","طبق فرمول عمومی واحد دست"
"84","کله پاچه کامل","گوشت قرمز و ماکیان","دست","طبق فرمول عمومی واحد دست"
"85","دل گوسفند","گوشت قرمز و ماکیان","عدد","۱ عدد = ۰.۷۵ عدد بزرگ | ۱.۵ عدد کوچک | ۱۵۰ گرم | ۰.۱۵ کیلوگرم (پایه عمومی)"
"86","قلوه گوسفند","گوشت قرمز و ماکیان","عدد","۱ عدد = ۰.۷۵ عدد بزرگ | ۱.۵ عدد کوچک | ۱۵۰ گرم | ۰.۱۵ کیلوگرم (پایه عمومی)"
"87","جگر گوسفند","گوشت قرمز و ماکیان","گرم","۱ گرم = ۰.۰۰۱ کیلوگرم | ۰.۰۰۴۱۶ پیمانه | ۰.۰۶۶۷ قاشق غذاخوری (پایه عمومی)"
"88","دنبه گوسفندی","گوشت قرمز و ماکیان","گرم","۱ گرم = ۰.۰۰۱ کیلوگرم | ۰.۰۰۴۱۶ پیمانه | ۰.۰۶۶۷ قاشق غذاخوری (پایه عمومی)"
"89","مرغ کامل پاک‌شده","گوشت قرمز و ماکیان","عدد","۱ عدد = ۰.۷۵ عدد بزرگ | ۱.۵ عدد کوچک | ۱۵۰ گرم | ۰.۱۵ کیلوگرم (پایه عمومی)"
"90","سینه مرغ با استخوان","گوشت قرمز و ماکیان","گرم","۱ گرم = ۰.۰۰۱ کیلوگرم | ۰.۰۰۴۱۶ پیمانه | ۰.۰۶۶۷ قاشق غذاخوری (پایه عمومی)"
"91","سینه مرغ بدون استخوان","گوشت قرمز و ماکیان","گرم","۱ گرم = ۰.۰۰۱ کیلوگرم | ۰.۰۰۴۱۶ پیمانه | ۰.۰۶۶۷ قاشق غذاخوری (پایه عمومی)"
"92","ران مرغ کامل","گوشت قرمز و ماکیان","عدد","۱ عدد = ۰.۷۵ عدد بزرگ | ۱.۵ عدد کوچک | ۱۵۰ گرم | ۰.۱۵ کیلوگرم (پایه عمومی)"
"93","فیله مرغ ممتاز","گوشت قرمز و ماکیان","گرم","۱ گرم = ۰.۰۰۱ کیلوگرم | ۰.۰۰۴۱۶ پیمانه | ۰.۰۶۶۷ قاشق غذاخوری (پایه عمومی)"
"94","بال مرغ","گوشت قرمز و ماکیان","گرم","۱ گرم = ۰.۰۰۱ کیلوگرم | ۰.۰۰۴۱۶ پیمانه | ۰.۰۶۶۷ قاشق غذاخوری (پایه عمومی)"
"95","کتف مرغ","گوشت قرمز و ماکیان","گرم","۱ گرم = ۰.۰۰۱ کیلوگرم | ۰.۰۰۴۱۶ پیمانه | ۰.۰۶۶۷ قاشق غذاخوری (پایه عمومی)"
"96","گردن مرغ","گوشت قرمز و ماکیان","گرم","۱ گرم = ۰.۰۰۱ کیلوگرم | ۰.۰۰۴۱۶ پیمانه | ۰.۰۶۶۷ قاشق غذاخوری (پایه عمومی)"
"97","جگر مرغ","گوشت قرمز و ماکیان","گرم","۱ گرم = ۰.۰۰۱ کیلوگرم | ۰.۰۰۴۱۶ پیمانه | ۰.۰۶۶۷ قاشق غذاخوری (پایه عمومی)"
"98","سنگدان مرغ","گوشت قرمز و ماکیان","گرم","۱ گرم = ۰.۰۰۱ کیلوگرم | ۰.۰۰۴۱۶ پیمانه | ۰.۰۶۶۷ قاشق غذاخوری (پایه عمومی)"
"99","سینه بوقلمون","گوشت قرمز و ماکیان","گرم","۱ گرم = ۰.۰۰۱ کیلوگرم | ۰.۰۰۴۱۶ پیمانه | ۰.۰۶۶۷ قاشق غذاخوری (پایه عمومی)"
"100","ران بوقلمون","گوشت قرمز و ماکیان","گرم","۱ گرم = ۰.۰۰۱ کیلوگرم | ۰.۰۰۴۱۶ پیمانه | ۰.۰۶۶۷ قاشق غذاخوری (پایه عمومی)"
"101","گوشت چرخ‌کرده بوقلمون","گوشت قرمز و ماکیان","گرم","۱ گرم = ۰.۰۰۱ کیلوگرم | ۰.۰۰۴۱۶ پیمانه | ۰.۰۶۶۷ قاشق غذاخوری (پایه عمومی)"
"102","گوشت بلدرچین","گوشت قرمز و ماکیان","عدد","۱ عدد = ۰.۷۵ عدد بزرگ | ۱.۵ عدد کوچک | ۱۵۰ گرم | ۰.۱۵ کیلوگرم (پایه عمومی)"
"103","گوشت کبک","گوشت قرمز و ماکیان","عدد","۱ عدد = ۰.۷۵ عدد بزرگ | ۱.۵ عدد کوچک | ۱۵۰ گرم | ۰.۱۵ کیلوگرم (پایه عمومی)"
"104","گوشت شتر","گوشت قرمز و ماکیان","گرم","۱ گرم = ۰.۰۰۱ کیلوگرم | ۰.۰۰۴۱۶ پیمانه | ۰.۰۶۶۷ قاشق غذاخوری (پایه عمومی)"
"105","گوشت شترمرغ","گوشت قرمز و ماکیان","گرم","۱ گرم = ۰.۰۰۱ کیلوگرم | ۰.۰۰۴۱۶ پیمانه | ۰.۰۶۶۷ قاشق غذاخوری (پایه عمومی)"
"106","سوسیس آلمانی","گوشت قرمز و ماکیان","گرم","۱ گرم = ۰.۰۰۱ کیلوگرم | ۰.۰۰۴۱۶ پیمانه | ۰.۰۶۶۷ قاشق غذاخوری (پایه عمومی)"
"107","سوسیس کوکتل پنیری","گوشت قرمز و ماکیان","گرم","۱ گرم = ۰.۰۰۱ کیلوگرم | ۰.۰۰۴۱۶ پیمانه | ۰.۰۶۶۷ قاشق غذاخوری (پایه عمومی)"
"108","سوسیس بلغاری","گوشت قرمز و ماکیان","گرم","۱ گرم = ۰.۰۰۱ کیلوگرم | ۰.۰۰۴۱۶ پیمانه | ۰.۰۶۶۷ قاشق غذاخوری (پایه عمومی)"
"109","کالباس خشک ممتاز","گوشت قرمز و ماکیان","گرم","۱ گرم = ۰.۰۰۱ کیلوگرم | ۰.۰۰۴۱۶ پیمانه | ۰.۰۶۶۷ قاشق غذاخوری (پایه عمومی)"
"110","ژامبون مرغ","گوشت قرمز و ماکیان","گرم","۱ گرم = ۰.۰۰۱ کیلوگرم | ۰.۰۰۴۱۶ پیمانه | ۰.۰۶۶۷ قاشق غذاخوری (پایه عمومی)"
"111","ژامبون گوشت","گوشت قرمز و ماکیان","گرم","۱ گرم = ۰.۰۰۱ کیلوگرم | ۰.۰۰۴۱۶ پیمانه | ۰.۰۶۶۷ قاشق غذاخوری (پایه عمومی)"
"112","هات داگ شکاری","گوشت قرمز و ماکیان","عدد","۱ عدد = ۰.۷۵ عدد بزرگ | ۱.۵ عدد کوچک | ۱۵۰ گرم | ۰.۱۵ کیلوگرم (پایه عمومی)"
"113","پپرونی تند","گوشت قرمز و ماکیان","گرم","۱ گرم = ۰.۰۰۱ کیلوگرم | ۰.۰۰۴۱۶ پیمانه | ۰.۰۶۶۷ قاشق غذاخوری (پایه عمومی)"
"114","بیکن گوشت","گوشت قرمز و ماکیان","گرم","۱ گرم = ۰.۰۰۱ کیلوگرم | ۰.۰۰۴۱۶ پیمانه | ۰.۰۶۶۷ قاشق غذاخوری (پایه عمومی)"
"115","ناگت مرغ آماده","گوشت قرمز و ماکیان","بسته","۱ بسته = ۲۰۰ گرم | ۱ عدد بسته (پایه عمومی)"
"116","ماهی قزل‌آلا پرورشی","ماهی و مأکولات دریایی","عدد","۱ عدد = ۰.۷۵ عدد بزرگ | ۱.۵ عدد کوچک | ۱۵۰ گرم | ۰.۱۵ کیلوگرم (پایه عمومی)"
"117","ماهی قزل‌آلا سالمون","ماهی و مأکولات دریایی","گرم","۱ گرم = ۰.۰۰۱ کیلوگرم | ۰.۰۰۴۱۶ پیمانه | ۰.۰۶۶۷ قاشق غذاخوری (پایه عمومی)"
"118","ماهی سفید شمال","ماهی و مأکولات دریایی","عدد","۱ عدد = ۰.۷۵ عدد بزرگ | ۱.۵ عدد کوچک | ۱۵۰ گرم | ۰.۱۵ کیلوگرم (پایه عمومی)"
"119","ماهی شیر جنوب","ماهی و مأکولات دریایی","گرم","۱ گرم = ۰.۰۰۱ کیلوگرم | ۰.۰۰۴۱۶ پیمانه | ۰.۰۶۶۷ قاشق غذاخوری (پایه عمومی)"
"120","ماهی حلوا سفید (زبیدی)","ماهی و مأکولات دریایی","گرم","۱ گرم = ۰.۰۰۱ کیلوگرم | ۰.۰۰۴۱۶ پیمانه | ۰.۰۶۶۷ قاشق غذاخوری (پایه عمومی)"
"121","ماهی حلوا سیاه","ماهی و مأکولات دریایی","گرم","۱ گرم = ۰.۰۰۱ کیلوگرم | ۰.۰۰۴۱۶ پیمانه | ۰.۰۶۶۷ قاشق غذاخوری (پایه عمومی)"
"122","ماهی شوریده","ماهی و مأکولات دریایی","گرم","۱ گرم = ۰.۰۰۱ کیلوگرم | ۰.۰۰۴۱۶ پیمانه | ۰.۰۶۶۷ قاشق غذاخوری (پایه عمومی)"
"123","ماهی سنگسر","ماهی و مأکولات دریایی","گرم","۱ گرم = ۰.۰۰۱ کیلوگرم | ۰.۰۰۴۱۶ پیمانه | ۰.۰۶۶۷ قاشق غذاخوری (پایه عمومی)"
"124","ماهی هامور","ماهی و مأکولات دریایی","گرم","۱ گرم = ۰.۰۰۱ کیلوگرم | ۰.۰۰۴۱۶ پیمانه | ۰.۰۶۶۷ قاشق غذاخوری (پایه عمومی)"
"125","ماهی قباد","ماهی و مأکولات دریایی","گرم","۱ گرم = ۰.۰۰۱ کیلوگرم | ۰.۰۰۴۱۶ پیمانه | ۰.۰۶۶۷ قاشق غذاخوری (پایه عمومی)"
"126","ماهی تیلاپیا","ماهی و مأکولات دریایی","گرم","۱ گرم = ۰.۰۰۱ کیلوگرم | ۰.۰۰۴۱۶ پیمانه | ۰.۰۶۶۷ قاشق غذاخوری (پایه عمومی)"
"127","ماهی کیلکا","ماهی و مأکولات دریایی","گرم","۱ گرم = ۰.۰۰۱ کیلوگرم | ۰.۰۰۴۱۶ پیمانه | ۰.۰۶۶۷ قاشق غذاخوری (پایه عمومی)"
"128","ماهی صبور","ماهی و مأکولات دریایی","عدد","۱ عدد = ۰.۷۵ عدد بزرگ | ۱.۵ عدد کوچک | ۱۵۰ گرم | ۰.۱۵ کیلوگرم (پایه عمومی)"
"129","ماهی سرخو","ماهی و مأکولات دریایی","گرم","۱ گرم = ۰.۰۰۱ کیلوگرم | ۰.۰۰۴۱۶ پیمانه | ۰.۰۶۶۷ قاشق غذاخوری (پایه عمومی)"
"130","ماهی راشکو","ماهی و مأکولات دریایی","گرم","۱ گرم = ۰.۰۰۱ کیلوگرم | ۰.۰۰۴۱۶ پیمانه | ۰.۰۶۶۷ قاشق غذاخوری (پایه عمومی)"
"131","ماهی کفال","ماهی و مأکولات دریایی","عدد","۱ عدد = ۰.۷۵ عدد بزرگ | ۱.۵ عدد کوچک | ۱۵۰ گرم | ۰.۱۵ کیلوگرم (پایه عمومی)"
"132","فیله ماهی کاد","ماهی و مأکولات دریایی","گرم","۱ گرم = ۰.۰۰۱ کیلوگرم | ۰.۰۰۴۱۶ پیمانه | ۰.۰۶۶۷ قاشق غذاخوری (پایه عمومی)"
"133","ماهی اوزون‌برون","ماهی و مأکولات دریایی","گرم","۱ گرم = ۰.۰۰۱ کیلوگرم | ۰.۰۰۴۱۶ پیمانه | ۰.۰۶۶۷ قاشق غذاخوری (پایه عمومی)"
"134","میگو ریز چیپسی","ماهی و مأکولات دریایی","گرم","۱ گرم = ۰.۰۰۱ کیلوگرم | ۰.۰۰۴۱۶ پیمانه | ۰.۰۶۶۷ قاشق غذاخوری (پایه عمومی)"
"135","میگو متوسط پاک‌شده","ماهی و مأکولات دریایی","گرم","۱ گرم = ۰.۰۰۱ کیلوگرم | ۰.۰۰۴۱۶ پیمانه | ۰.۰۶۶۷ قاشق غذاخوری (پایه عمومی)"
"136","شاه‌میگو (جامبو)","ماهی و مأکولات دریایی","گرم","۱ گرم = ۰.۰۰۱ کیلوگرم | ۰.۰۰۴۱۶ پیمانه | ۰.۰۶۶۷ قاشق غذاخوری (پایه عمومی)"
"137","صدف خوراکی","ماهی و مأکولات دریایی","گرم","۱ گرم = ۰.۰۰۱ کیلوگرم | ۰.۰۰۴۱۶ پیمانه | ۰.۰۶۶۷ قاشق غذاخوری (پایه عمومی)"
"138","خرچنگ دریایی","ماهی و مأکولات دریایی","عدد","۱ عدد = ۰.۷۵ عدد بزرگ | ۱.۵ عدد کوچک | ۱۵۰ گرم | ۰.۱۵ کیلوگرم (پایه عمومی)"
"139","خاویار اصل ایرانی","ماهی و مأکولات دریایی","گرم","۱ گرم = ۰.۰۰۱ کیلوگرم | ۰.۰۰۴۱۶ پیمانه | ۰.۰۶۶۷ قاشق غذاخوری (پایه عمومی)"
"140","میگو سوخاری آماده","ماهی و مأکولات دریایی","بسته","۱ بسته = ۲۰۰ گرم | ۱ عدد بسته (پایه عمومی)"
"141","لپه تبریز","حبوبات و غلات","پیمانه","۱ پیمانه = ۲۴۰ گرم | ۲۴۰ میلی‌لیتر | ۱۶ قاشق غذاخوری | ۴۸ قاشق چای‌خوری | ۱ لیوان (پایه عمومی)"
"142","عدس سبز ایرانی","حبوبات و غلات","پیمانه","۱ پیمانه = ۲۴۰ گرم | ۲۴۰ میلی‌لیتر | ۱۶ قاشق غذاخوری | ۴۸ قاشق چای‌خوری | ۱ لیوان (پایه عمومی)"
"143","دال عدس (عدس قرمز)","حبوبات و غلات","پیمانه","۱ پیمانه = ۲۴۰ گرم | ۲۴۰ میلی‌لیتر | ۱۶ قاشق غذاخوری | ۴۸ قاشق چای‌خوری | ۱ لیوان (پایه عمومی)"
"144","عدس قهوه‌ای","حبوبات و غلات","پیمانه","۱ پیمانه = ۲۴۰ گرم | ۲۴۰ میلی‌لیتر | ۱۶ قاشق غذاخوری | ۴۸ قاشق چای‌خوری | ۱ لیوان (پایه عمومی)"
"145","لوبیا قرمز کپسولی","حبوبات و غلات","پیمانه","۱ پیمانه = ۲۴۰ گرم | ۲۴۰ میلی‌لیتر | ۱۶ قاشق غذاخوری | ۴۸ قاشق چای‌خوری | ۱ لیوان (پایه عمومی)"
"146","لوبیا قرمز جگری","حبوبات و غلات","پیمانه","۱ پیمانه = ۲۴۰ گرم | ۲۴۰ میلی‌لیتر | ۱۶ قاشق غذاخوری | ۴۸ قاشق چای‌خوری | ۱ لیوان (پایه عمومی)"
"147","لوبیا چیتی دستچین","حبوبات و غلات","پیمانه","۱ پیمانه = ۲۴۰ گرم | ۲۴۰ میلی‌لیتر | ۱۶ قاشق غذاخوری | ۴۸ قاشق چای‌خوری | ۱ لیوان (پایه عمومی)"
"148","لوبیا سفید","حبوبات و غلات","پیمانه","۱ پیمانه = ۲۴۰ گرم | ۲۴۰ میلی‌لیتر | ۱۶ قاشق غذاخوری | ۴۸ قاشق چای‌خوری | ۱ لیوان (پایه عمومی)"
"149","لوبیا چشم‌بلبلی","حبوبات و غلات","پیمانه","۱ پیمانه = ۲۴۰ گرم | ۲۴۰ میلی‌لیتر | ۱۶ قاشق غذاخوری | ۴۸ قاشق چای‌خوری | ۱ لیوان (پایه عمومی)"
"150","لوبیا سیاه","حبوبات و غلات","پیمانه","۱ پیمانه = ۲۴۰ گرم | ۲۴۰ میلی‌لیتر | ۱۶ قاشق غذاخوری | ۴۸ قاشق چای‌خوری | ۱ لیوان (پایه عمومی)"
"151","لوبیا عروس","حبوبات و غلات","پیمانه","۱ پیمانه = ۲۴۰ گرم | ۲۴۰ میلی‌لیتر | ۱۶ قاشق غذاخوری | ۴۸ قاشق چای‌خوری | ۱ لیوان (پایه عمومی)"
"152","نخود کرمانشاهی","حبوبات و غلات","پیمانه","۱ پیمانه = ۲۴۰ گرم | ۲۴۰ میلی‌لیتر | ۱۶ قاشق غذاخوری | ۴۸ قاشق چای‌خوری | ۱ لیوان (پایه عمومی)"
"153","نخود سه خان","حبوبات و غلات","پیمانه","۱ پیمانه = ۲۴۰ گرم | ۲۴۰ میلی‌لیتر | ۱۶ قاشق غذاخوری | ۴۸ قاشق چای‌خوری | ۱ لیوان (پایه عمومی)"
"154","نخود سیاه (دسی)","حبوبات و غلات","پیمانه","۱ پیمانه = ۲۴۰ گرم | ۲۴۰ میلی‌لیتر | ۱۶ قاشق غذاخوری | ۴۸ قاشق چای‌خوری | ۱ لیوان (پایه عمومی)"
"155","ماش سبز","حبوبات و غلات","پیمانه","۱ پیمانه = ۲۴۰ گرم | ۲۴۰ میلی‌لیتر | ۱۶ قاشق غذاخوری | ۴۸ قاشق چای‌خوری | ۱ لیوان (پایه عمومی)"
"156","سویا خورشتی (دانه درشت)","حبوبات و غلات","پیمانه","۱ پیمانه = ۲۴۰ گرم | ۲۴۰ میلی‌لیتر | ۱۶ قاشق غذاخوری | ۴۸ قاشق چای‌خوری | ۱ لیوان (پایه عمومی)"
"157","سویا ریز (مخصوص ماکارونی)","حبوبات و غلات","پیمانه","۱ پیمانه = ۲۴۰ گرم | ۲۴۰ میلی‌لیتر | ۱۶ قاشق غذاخوری | ۴۸ قاشق چای‌خوری | ۱ لیوان (پایه عمومی)"
"158","گندم پوست‌کنده","حبوبات و غلات","پیمانه","۱ پیمانه = ۲۴۰ گرم | ۲۴۰ میلی‌لیتر | ۱۶ قاشق غذاخوری | ۴۸ قاشق چای‌خوری | ۱ لیوان (پایه عمومی)"
"159","گندم کامل با پوست","حبوبات و غلات","پیمانه","۱ پیمانه = ۲۴۰ گرم | ۲۴۰ میلی‌لیتر | ۱۶ قاشق غذاخوری | ۴۸ قاشق چای‌خوری | ۱ لیوان (پایه عمومی)"
"160","بلغور گندم","حبوبات و غلات","پیمانه","۱ پیمانه = ۲۴۰ گرم | ۲۴۰ میلی‌لیتر | ۱۶ قاشق غذاخوری | ۴۸ قاشق چای‌خوری | ۱ لیوان (پایه عمومی)"
"161","جو پوست‌کنده","حبوبات و غلات","پیمانه","۱ پیمانه = ۲۴۰ گرم | ۲۴۰ میلی‌لیتر | ۱۶ قاشق غذاخوری | ۴۸ قاشق چای‌خوری | ۱ لیوان (پایه عمومی)"
"162","جو پرک درشت","حبوبات و غلات","پیمانه","۱ پیمانه = ۲۴۰ گرم | ۲۴۰ میلی‌لیتر | ۱۶ قاشق غذاخوری | ۴۸ قاشق چای‌خوری | ۱ لیوان (پایه عمومی)"
"163","جو پرک فوری","حبوبات و غلات","پیمانه","۱ پیمانه = ۲۴۰ گرم | ۲۴۰ میلی‌لیتر | ۱۶ قاشق غذاخوری | ۴۸ قاشق چای‌خوری | ۱ لیوان (پایه عمومی)"
"164","بلغور جو","حبوبات و غلات","پیمانه","۱ پیمانه = ۲۴۰ گرم | ۲۴۰ میلی‌لیتر | ۱۶ قاشق غذاخوری | ۴۸ قاشق چای‌خوری | ۱ لیوان (پایه عمومی)"
"165","جو دوسر (اوتمیل)","حبوبات و غلات","پیمانه","۱ پیمانه = ۲۴۰ گرم | ۲۴۰ میلی‌لیتر | ۱۶ قاشق غذاخوری | ۴۸ قاشق چای‌خوری | ۱ لیوان (پایه عمومی)"
"166","جو دوسر پرک","حبوبات و غلات","پیمانه","۱ پیمانه = ۲۴۰ گرم | ۲۴۰ میلی‌لیتر | ۱۶ قاشق غذاخوری | ۴۸ قاشق چای‌خوری | ۱ لیوان (پایه عمومی)"
"167","لپه باقلا (باقلا زرد)","حبوبات و غلات","پیمانه","۱ پیمانه = ۲۴۰ گرم | ۲۴۰ میلی‌لیتر | ۱۶ قاشق غذاخوری | ۴۸ قاشق چای‌خوری | ۱ لیوان (پایه عمومی)"
"168","باقلا سبز خشک","حبوبات و غلات","پیمانه","۱ پیمانه = ۲۴۰ گرم | ۲۴۰ میلی‌لیتر | ۱۶ قاشق غذاخوری | ۴۸ قاشق چای‌خوری | ۱ لیوان (پایه عمومی)"
"169","باقلا کشاورزی (گیلان)","حبوبات و غلات","پیمانه","۱ پیمانه = ۲۴۰ گرم | ۲۴۰ میلی‌لیتر | ۱۶ قاشق غذاخوری | ۴۸ قاشق چای‌خوری | ۱ لیوان (پایه عمومی)"
"170","كينوا سفید","حبوبات و غلات","پیمانه","۱ پیمانه = ۲۴۰ گرم | ۲۴۰ میلی‌لیتر | ۱۶ قاشق غذاخوری | ۴۸ قاشق چای‌خوری | ۱ لیوان (پایه عمومی)"
"171","کینوا سه رنگ","حبوبات و غلات","پیمانه","۱ پیمانه = ۲۴۰ گرم | ۲۴۰ میلی‌لیتر | ۱۶ قاشق غذاخوری | ۴۸ قاشق چای‌خوری | ۱ لیوان (پایه عمومی)"
"172","چیا سید (دانه چیا)","حبوبات و غلات","پیمانه","۱ پیمانه = ۲۴۰ گرم | ۲۴۰ میلی‌لیتر | ۱۶ قاشق غذاخوری | ۴۸ قاشق چای‌خوری | ۱ لیوان (پایه عمومی)"
"173","ارزن خوراکی","حبوبات و غلات","پیمانه","۱ پیمانه = ۲۴۰ گرم | ۲۴۰ میلی‌لیتر | ۱۶ قاشق غذاخوری | ۴۸ قاشق چای‌خوری | ۱ لیوان (پایه عمومی)"
"174","ذرت خشک پاپ‌کورن","حبوبات و غلات","پیمانه","۱ پیمانه = ۲۴۰ گرم | ۲۴۰ میلی‌لیتر | ۱۶ قاشق غذاخوری | ۴۸ قاشق چای‌خوری | ۱ لیوان (پایه عمومی)"
"175","گندم برشته (شیرین)","حبوبات و غلات","پیمانه","۱ پیمانه = ۲۴۰ گرم | ۲۴۰ میلی‌لیتر | ۱۶ قاشق غذاخوری | ۴۸ قاشق چای‌خوری | ۱ لیوان (پایه عمومی)"
"176","برنج طارم هاشمی","برنج، نان و آرد","پیمانه","۱ پیمانه = ۲۴۰ گرم | ۲۴۰ میلی‌لیتر | ۱۶ قاشق غذاخوری | ۴۸ قاشق چای‌خوری | ۱ لیوان (پایه عمومی)"
"177","برنج دم‌سیاه صدری","برنج، نان و آرد","پیمانه","۱ پیمانه = ۲۴۰ گرم | ۲۴۰ میلی‌لیتر | ۱۶ قاشق غذاخوری | ۴۸ قاشق چای‌خوری | ۱ لیوان (پایه عمومی)"
"178","برنج عنبربو جیرفت","برنج، نان و آرد","پیمانه","۱ پیمانه = ۲۴۰ گرم | ۲۴۰ میلی‌لیتر | ۱۶ قاشق غذاخوری | ۴۸ قاشق چای‌خوری | ۱ لیوان (پایه عمومی)"
"179","برنج کامفیروزی","برنج، نان و آرد","پیمانه","۱ پیمانه = ۲۴۰ گرم | ۲۴۰ میلی‌لیتر | ۱۶ قاشق غذاخوری | ۴۸ قاشق چای‌خوری | ۱ لیوان (پایه عمومی)"
"180","برنج نیم‌دانه معطر","برنج، نان و آرد","پیمانه","۱ پیمانه = ۲۴۰ گرم | ۲۴۰ میلی‌لیتر | ۱۶ قاشق غذاخوری | ۴۸ قاشق چای‌خوری | ۱ لیوان (پایه عمومی)"
"181","برنج قهوه‌ای","برنج، نان و آرد","پیمانه","۱ پیمانه = ۲۴۰ گرم | ۲۴۰ میلی‌لیتر | ۱۶ قاشق غذاخوری | ۴۸ قاشق چای‌خوری | ۱ لیوان (پایه عمومی)"
"182","برنج هندی دانه‌بلند","برنج، نان و آرد","پیمانه","۱ پیمانه = ۲۴۰ گرم | ۲۴۰ میلی‌لیتر | ۱۶ قاشق غذاخوری | ۴۸ قاشق چای‌خوری | ۱ لیوان (پایه عمومی)"
"183","برنج باسماتی پاکستان","برنج، نان و آرد","پیمانه","۱ پیمانه = ۲۴۰ گرم | ۲۴۰ میلی‌لیتر | ۱۶ قاشق غذاخوری | ۴۸ قاشق چای‌خوری | ۱ لیوان (پایه عمومی)"
"184","برنج دودی شمال","برنج، نان و آرد","پیمانه","۱ پیمانه = ۲۴۰ گرم | ۲۴۰ میلی‌لیتر | ۱۶ قاشق غذاخوری | ۴۸ قاشق چای‌خوری | ۱ لیوان (پایه عمومی)"
"185","رشته پلویی سنتی","برنج، نان و آرد","گرم","۱ گرم = ۰.۰۰۱ کیلوگرم | ۰.۰۰۴۱۶ پیمانه | ۰.۰۶۶۷ قاشق غذاخوری (پایه عمومی)"
"186","رشته آش ممتازم","برنج، نان و آرد","بسته","۱ بسته = ۲۰۰ گرم | ۱ عدد بسته (پایه عمومی)"
"187","ماکارونی اسپاگتی ۱٫۲","برنج، نان و آرد","بسته","۱ بسته = ۲۰۰ گرم | ۱ عدد بسته (پایه عمومی)"
"188","ماکارونی فرمی پنه","برنج، نان و آرد","بسته","۱ بسته = ۲۰۰ گرم | ۱ عدد بسته (پایه عمومی)"
"189","ماکارونی فرمی جامبو","برنج، نان و آرد","بسته","۱ بسته = ۲۰۰ گرم | ۱ عدد بسته (پایه عمومی)"
"190","رشته فرنگی سوپی (ورمیشل)","برنج، نان و آرد","بسته","۱ بسته = ۲۰۰ گرم | ۱ عدد بسته (پایه عمومی)"
"191","لازانیا شیاردار","برنج، نان و آرد","بسته","۱ بسته = ۲۰۰ گرم | ۱ عدد بسته (پایه عمومی)"
"192","آرد گندم نانوایی (سبوس‌دار)","برنج، نان و آرد","پیمانه","۱ پیمانه = ۲۴۰ گرم | ۲۴۰ میلی‌لیتر | ۱۶ قاشق غذاخوری | ۴۸ قاشق چای‌خوری | ۱ لیوان (پایه عمومی)"
"193","آرد گندم سفید (قنادی)","برنج، نان و آرد","پیمانه","۱ پیمانه = ۲۴۰ گرم | ۲۴۰ میلی‌لیتر | ۱۶ قاشق غذاخوری | ۴۸ قاشق چای‌خوری | ۱ لیوان (پایه عمومی)"
"194","آرد برنج شمال","برنج، نان و آرد","پیمانه","۱ پیمانه = ۲۴۰ گرم | ۲۴۰ میلی‌لیتر | ۱۶ قاشق غذاخوری | ۴۸ قاشق چای‌خوری | ۱ لیوان (پایه عمومی)"
"195","آرد نخودچی دو بار تفت","برنج، نان و آرد","پیمانه","۱ پیمانه = ۲۴۰ گرم | ۲۴۰ میلی‌لیتر | ۱۶ قاشق غذاخوری | ۴۸ قاشق چای‌خوری | ۱ لیوان (پایه عمومی)"
"196","آرد ذرت زرد","برنج، نان و آرد","پیمانه","۱ پیمانه = ۲۴۰ گرم | ۲۴۰ میلی‌لیتر | ۱۶ قاشق غذاخوری | ۴۸ قاشق چای‌خوری | ۱ لیوان (پایه عمومی)"
"197","آرد جو خالص","برنج، نان و آرد","پیمانه","۱ پیمانه = ۲۴۰ گرم | ۲۴۰ میلی‌لیتر | ۱۶ قاشق غذاخوری | ۴۸ قاشق چای‌خوری | ۱ لیوان (پایه عمومی)"
"198","آرد سنگک","برنج، نان و آرد","پیمانه","۱ پیمانه = ۲۴۰ گرم | ۲۴۰ میلی‌لیتر | ۱۶ قاشق غذاخوری | ۴۸ قاشق چای‌خوری | ۱ لیوان (پایه عمومی)"
"199","آرد سوخاری نارنجی","برنج، نان و آرد","گرم","۱ گرم = ۰.۰۰۱ کیلوگرم | ۰.۰۰۴۱۶ پیمانه | ۰.۰۶۶۷ قاشق غذاخوری (پایه عمومی)"
"200","آرد سوخاری اسپایسی (تند)","برنج، نان و آرد","گرم","۱ گرم = ۰.۰۰۱ کیلوگرم | ۰.۰۰۴۱۶ پیمانه | ۰.۰۶۶۷ قاشق غذاخوری (پایه عمومی)"
"201","آرد سمولینا","برنج، نان و آرد","پیمانه","۱ پیمانه = ۲۴۰ گرم | ۲۴۰ میلی‌لیتر | ۱۶ قاشق غذاخوری | ۴۸ قاشق چای‌خوری | ۱ لیوان (پایه عمومی)"
"202","پودر خمیر ترش","برنج، نان و آرد","قاشق غذاخوری","۱ قاشق غذاخوری = ۳ قاشق چای‌خوری | ۱۵ میلی‌لیتر | ۱۵ گرم | ۰.۰۶۲۵ پیمانه (پایه عمومی)"
"203","خمیر یوفکا مستطیل","برنج، نان و آرد","بسته","۱ بسته = ۲۰۰ گرم | ۱ عدد بسته (پایه عمومی)"
"204","خمیر یوفکا مثلثی (بورک)","برنج، نان و آرد","بسته","۱ بسته = ۲۰۰ گرم | ۱ عدد بسته (پایه عمومی)"
"205","خمیر پیتزا آماده","برنج، نان و آرد","عدد","۱ عدد = ۰.۷۵ عدد بزرگ | ۱.۵ عدد کوچک | ۱۵۰ گرم | ۰.۱۵ کیلوگرم (پایه عمومی)"
"206","نان لواش سنتی","برنج، نان و آرد","عدد","۱ عدد = ۰.۷۵ عدد بزرگ | ۱.۵ عدد کوچک | ۱۵۰ گرم | ۰.۱۵ کیلوگرم (پایه عمومی)"
"207","نان سنگک خشخاشی","برنج، نان و آرد","عدد","۱ عدد = ۰.۷۵ عدد بزرگ | ۱.۵ عدد کوچک | ۱۵۰ گرم | ۰.۱۵ کیلوگرم (پایه عمومی)"
"208","نان بربری دغلی","برنج، نان و آرد","عدد","۱ عدد = ۰.۷۵ عدد بزرگ | ۱.۵ عدد کوچک | ۱۵۰ گرم | ۰.۱۵ کیلوگرم (پایه عمومی)"
"209","نان تافتون","برنج، نان و آرد","عدد","۱ عدد = ۰.۷۵ عدد بزرگ | ۱.۵ عدد کوچک | ۱۵۰ گرم | ۰.۱۵ کیلوگرم (پایه عمومی)"
"210","نان تست طلایی","برنج، نان و آرد","بسته","۱ بسته = ۲۰۰ گرم | ۱ عدد بسته (پایه عمومی)"
"211","نان تست جو","برنج، نان و آرد","بسته","۱ بسته = ۲۰۰ گرم | ۱ عدد بسته (پایه عمومی)"
"212","نان باگت فرانسوی","برنج، نان و آرد","عدد","۱ عدد = ۰.۷۵ عدد بزرگ | ۱.۵ عدد کوچک | ۱۵۰ گرم | ۰.۱۵ کیلوگرم (پایه عمومی)"
"213","نان همبرگر کنجدی","برنج، نان و آرد","عدد","۱ عدد = ۰.۷۵ عدد بزرگ | ۱.۵ عدد کوچک | ۱۵۰ گرم | ۰.۱۵ کیلوگرم (پایه عمومی)"
"214","نان جو خشک سنتی","برنج، نان و آرد","عدد","۱ عدد = ۰.۷۵ عدد بزرگ | ۱.۵ عدد کوچک | ۱۵۰ گرم | ۰.۱۵ کیلوگرم (پایه عمومی)"
"215","نان پیتا مدیترانه‌ای","برنج، نان و آرد","بسته","۱ بسته = ۲۰۰ گرم | ۱ عدد بسته (پایه عمومی)"
"216","ماست کم‌چرب ۱٫۵٪","لبنیات و تخم‌مرغ","پیمانه","۱ پیمانه = ۲۴۰ گرم | ۲۴۰ میلی‌لیتر | ۱۶ قاشق غذاخوری | ۴۸ قاشق چای‌خوری | ۱ لیوان (پایه عمومی)"
"217","ماست پرچرب هم‌زده","لبنیات و تخم‌مرغ","پیمانه","۱ پیمانه = ۲۴۰ گرم | ۲۴۰ میلی‌لیتر | ۱۶ قاشق غذاخوری | ۴۸ قاشق چای‌خوری | ۱ لیوان (پایه عمومی)"
"218","ماست چکیده سنتی","لبنیات و تخم‌مرغ","پیمانه","۱ پیمانه = ۲۴۰ گرم | ۲۴۰ میلی‌لیتر | ۱۶ قاشق غذاخوری | ۴۸ قاشق چای‌خوری | ۱ لیوان (پایه عمومی)"
"219","ماست موسیر کوهستان","لبنیات و تخم‌مرغ","پیمانه","۱ پیمانه = ۲۴۰ گرم | ۲۴۰ میلی‌لیتر | ۱۶ قاشق غذاخوری | ۴۸ قاشق چای‌خوری | ۱ لیوان (پایه عمومی)"
"220","ماست یونانی","لبنیات و تخم‌مرغ","پیمانه","۱ پیمانه = ۲۴۰ گرم | ۲۴۰ میلی‌لیتر | ۱۶ قاشق غذاخوری | ۴۸ قاشق چای‌خوری | ۱ لیوان (پایه عمومی)"
"221","ماست بادمجان (بورانی)","لبنیات و تخم‌مرغ","پیمانه","۱ پیمانه = ۲۴۰ گرم | ۲۴۰ میلی‌لیتر | ۱۶ قاشق غذاخوری | ۴۸ قاشق چای‌خوری | ۱ لیوان (پایه عمومی)"
"222","کشک مایع پاستوریزه","لبنیات و تخم‌مرغ","پیمانه","۱ پیمانه = 240 گرم | ۱ پیمانه = 240 میلی‌لیتر | ۱ پیمانه = 16 قاشق غذاخوری | ۱ پیمانه = 48 قاشق چای‌خوری"
"223","کشک خشک محلی","لبنیات و تخم‌مرغ","گرم","۱ گرم = ۰.۰۰۱ کیلوگرم | ۰.۰۰۴۱۶ پیمانه | ۰.۰۶۶۷ قاشق غذاخوری (پایه عمومی)"
"224","پنیر سفید ایرانی","لبنیات و تخم‌مرغ","گرم","۱ گرم = ۰.۰۰۱ کیلوگرم | ۰.۰۰۴۱۶ پیمانه | ۰.۰۶۶۷ قاشق غذاخوری (پایه عمومی)"
"225","پنیر لیقوان گوسفندی","لبنیات و تخم‌مرغ","گرم","۱ گرم = ۰.۰۰۱ کیلوگرم | ۰.۰۰۴۱۶ پیمانه | ۰.۰۶۶۷ قاشق غذاخوری (پایه عمومی)"
"226","پنیر تبریز ممتاز","لبنیات و تخم‌مرغ","گرم","۱ گرم = ۰.۰۰۱ کیلوگرم | ۰.۰۰۴۱۶ پیمانه | ۰.۰۶۶۷ قاشق غذاخوری (پایه عمومی)"
"227","پنیر خامی ویلی","لبنیات و تخم‌مرغ","بسته","۱ بسته = ۲۰۰ گرم | ۱ عدد بسته (پایه عمومی)"
"228","پنیر پیتزا رنده‌شده (موتزارلا)","لبنیات و تخم‌مرغ","گرم","۱ گرم = ۰.۰۰۱ کیلوگرم | ۰.۰۰۴۱۶ پیمانه | ۰.۰۶۶۷ قاشق غذاخوری (پایه عمومی)"
"229","پنیر ورقه ای گودا","لبنیات و تخم‌مرغ","بسته","۱ بسته = ۲۰۰ گرم | ۱ عدد بسته (پایه عمومی)"
"230","پنیر پارمزان پودری","لبنیات و تخم‌مرغ","گرم","۱ گرم = ۰.۰۰۱ کیلوگرم | ۰.۰۰۴۱۶ پیمانه | ۰.۰۶۶۷ قاشق غذاخوری (پایه عمومی)"
"231","پنیر چدار انگلیس","لبنیات و تخم‌مرغ","گرم","۱ گرم = ۰.۰۰۱ کیلوگرم | ۰.۰۰۴۱۶ پیمانه | ۰.۰۶۶۷ قاشق غذاخوری (پایه عمومی)"
"232","پنیر ماسکارپونه","لبنیات و تخم‌مرغ","بسته","۱ بسته = ۲۰۰ گرم | ۱ عدد بسته (پایه عمومی)"
"233","پنیر فتا گوسفندی","لبنیات و تخم‌مرغ","گرم","۱ گرم = ۰.۰۰۱ کیلوگرم | ۰.۰۰۴۱۶ پیمانه | ۰.۰۶۶۷ قاشق غذاخوری (پایه عمومی)"
"234","پنیر ریکوتا","لبنیات و تخم‌مرغ","گرم","۱ گرم = ۰.۰۰۱ کیلوگرم | ۰.۰۰۴۱۶ پیمانه | ۰.۰۶۶۷ قاشق غذاخوری (پایه عمومی)"
"235","پنیر بلوچیز (آبی)","لبنیات و تخم‌مرغ","گرم","۱ گرم = ۰.۰۰۱ کیلوگرم | ۰.۰۰۴۱۶ پیمانه | ۰.۰۶۶۷ قاشق غذاخوری (پایه عمومی)"
"236","شیر کم‌چرب بطری","لبنیات و تخم‌مرغ","لیوان","۱ لیوان = ۲۴۰ گرم | ۲۴۰ میلی‌لیتر | ۱۶ قاشق غذاخوری | ۴۸ قاشق چای‌خوری | ۱ پیمانه (پایه عمومی)"
"237","شیر پرچرب محلی","لبنیات و تخم‌مرغ","لیوان","۱ لیوان = ۲۴۰ گرم | ۲۴۰ میلی‌لیتر | ۱۶ قاشق غذاخوری | ۴۸ قاشق چای‌خوری | ۱ پیمانه (پایه عمومی)"
"238","شیر کاکائو پاکتی","لبنیات و تخم‌مرغ","لیوان","۱ لیوان = ۲۴۰ گرم | ۲۴۰ میلی‌لیتر | ۱۶ قاشق غذاخوری | ۴۸ قاشق چای‌خوری | ۱ پیمانه (پایه عمومی)"
"239","شیر سویا بدون شکر","لبنیات و تخم‌مرغ","لیوان","۱ لیوان = ۲۴۰ گرم | ۲۴۰ میلی‌لیتر | ۱۶ قاشق غذاخوری | ۴۸ قاشق چای‌خوری | ۱ پیمانه (پایه عمومی)"
"240","شیر بادام ارگانیک","لبنیات و تخم‌مرغ","لیوان","۱ لیوان = ۲۴۰ گرم | ۲۴۰ میلی‌لیتر | ۱۶ قاشق غذاخوری | ۴۸ قاشق چای‌خوری | ۱ پیمانه (پایه عمومی)"
"241","شیر نارگیل","لبنیات و تخم‌مرغ","لیوان","۱ لیوان = ۲۴۰ گرم | ۲۴۰ میلی‌لیتر | ۱۶ قاشق غذاخوری | ۴۸ قاشق چای‌خوری | ۱ پیمانه (پایه عمومی)"
"242","خامه صبحانه پاکتی","لبنیات و تخم‌مرغ","بسته","۱ بسته = ۲۰۰ گرم | ۱ عدد بسته (پایه عمومی)"
"243","خامه قنادی فرم‌گرفته","لبنیات و تخم‌مرغ","گرم","۱ گرم = ۰.۰۰۱ کیلوگرم | ۰.۰۰۴۱۶ پیمانه | ۰.۰۶۶۷ قاشق غذاخوری (پایه عمومی)"
"244","سرشیر محلی","لبنیات و تخم‌مرغ","گرم","۱ گرم = ۰.۰۰۱ کیلوگرم | ۰.۰۰۴۱۶ پیمانه | ۰.۰۶۶۷ قاشق غذاخوری (پایه عمومی)"
"245","دوغ سنتی نعناعی","لبنیات و تخم‌مرغ","لیوان","۱ لیوان = ۲۴۰ گرم | ۲۴۰ میلی‌لیتر | ۱۶ قاشق غذاخوری | ۴۸ قاشق چای‌خوری | ۱ پیمانه (پایه عمومی)"
"246","دوغ گازدار آبعلی","لبنیات و تخم‌مرغ","شیشه","طبق فرمول عمومی واحد شیشه"
"247","کره حیوانی پاستوریزه","لبنیات و تخم‌مرغ","گرم","۱ گرم = ۰.۰۰۱ کیلوگرم | ۰.۰۰۴۱۶ پیمانه | ۰.۰۶۶۷ قاشق غذاخوری (پایه عمومی)"
"248","کره محلی گوسفندی","لبنیات و تخم‌مرغ","گرم","۱ گرم = ۰.۰۰۱ کیلوگرم | ۰.۰۰۴۱۶ پیمانه | ۰.۰۶۶۷ قاشق غذاخوری (پایه عمومی)"
"249","روغن حیوانی کرمانشاهی","لبنیات و تخم‌مرغ","قاشق غذاخوری","۱ قاشق غذاخوری = ۳ قاشق چای‌خوری | ۱۵ میلی‌لیتر | ۱۵ گرم | ۰.۰۶۲۵ پیمانه (پایه عمومی)"
"250","تخم مرغ رسمی","لبنیات و تخم‌مرغ","عدد","۱ عدد = ۰.۷۵ عدد بزرگ | ۱.۵ عدد کوچک | ۱۵۰ گرم | ۰.۱۵ کیلوگرم (پایه عمومی)"
"251","نمک یددار طعام","ادویه‌جات و چاشنی‌ها","قاشق چای‌خوری","۱ قاشق چای‌خوری = ۰.۳۳۳ قاشق غذاخوری | ۵ میلی‌لیتر | ۵ گرم (پایه عمومی)"
"252","نمک دریا کریستالی","ادویه‌جات و چاشنی‌ها","قاشق چای‌خوری","۱ قاشق چای‌خوری = ۰.۳۳۳ قاشق غذاخوری | ۵ میلی‌لیتر | ۵ گرم (پایه عمومی)"
"253","نمک صورتی هیمالیا","ادویه‌جات و چاشنی‌ها","قاشق چای‌خوری","۱ قاشق چای‌خوری = ۰.۳۳۳ قاشق غذاخوری | ۵ میلی‌لیتر | ۵ گرم (پایه عمومی)"
"254","فلفل سیاه آسیاب‌شده","ادویه‌جات و چاشنی‌ها","قاشق چای‌خوری","۱ قاشق چای‌خوری = ۰.۳۳۳ قاشق غذاخوری | ۵ میلی‌لیتر | ۵ گرم (پایه عمومی)"
"255","دانه فلفل سیاه","ادویه‌جات و چاشنی‌ها","قاشق چای‌خوری","۱ قاشق چای‌خوری = ۰.۳۳۳ قاشق غذاخوری | ۵ میلی‌لیتر | ۵ گرم (پایه عمومی)"
"256","فلفل قرمز تند","ادویه‌جات و چاشنی‌ها","قاشق چای‌خوری","۱ قاشق چای‌خوری = ۰.۳۳۳ قاشق غذاخوری | ۵ میلی‌لیتر | ۵ گرم (پایه عمومی)"
"257","فلفل پاپریکا شیرین","ادویه‌جات و چاشنی‌ها","قاشق چای‌خوری","۱ قاشق چای‌خوری = ۰.۳۳۳ قاشق غذاخوری | ۵ میلی‌لیتر | ۵ گرم (پایه عمومی)"
"258","فلفل پاپریکا دودی","ادویه‌جات و چاشنی‌ها","قاشق چای‌خوری","۱ قاشق چای‌خوری = ۰.۳۳۳ قاشق غذاخوری | ۵ میلی‌لیتر | ۵ گرم (پایه عمومی)"
"259","فلفل پولبیبر ترکیه","ادویه‌جات و چاشنی‌ها","قاشق چای‌خوری","۱ قاشق چای‌خوری = ۰.۳۳۳ قاشق غذاخوری | ۵ میلی‌لیتر | ۵ گرم (پایه عمومی)"
"260","زردچوبه ممتاز هندی","ادویه‌جات و چاشنی‌ها","قاشق چای‌خوری","۱ قاشق چای‌خوری = ۰.۳۳۳ قاشق غذاخوری | ۵ میلی‌لیتر | ۵ گرم (پایه عمومی)"
"261","دارچین پودری","ادویه‌جات و چاشنی‌ها","قاشق چای‌خوری","۱ قاشق چای‌خوری = ۰.۳۳۳ قاشق غذاخوری | ۵ میلی‌لیتر | ۵ گرم (پایه عمومی)"
"262","چوب دارچین سیلان","ادویه‌جات و چاشنی‌ها","عدد","۱ عدد = ۰.۷۵ عدد بزرگ | ۱.۵ عدد کوچک | ۱۵۰ گرم | ۰.۱۵ کیلوگرم (پایه عمومی)"
"263","زنجبیل پودری","ادویه‌جات و چاشنی‌ها","قاشق چای‌خوری","۱ قاشق چای‌خوری = ۰.۳۳۳ قاشق غذاخوری | ۵ میلی‌لیتر | ۵ گرم (پایه عمومی)"
"264","زنجبیل تازه رنده‌شده","ادویه‌جات و چاشنی‌ها","قاشق چای‌خوری","۱ قاشق چای‌خوری = ۰.۳۳۳ قاشق غذاخوری | ۵ میلی‌لیتر | ۵ گرم (پایه عمومی)"
"265","هل سبز اکبر (پودر)","ادویه‌جات و چاشنی‌ها","قاشق چای‌خوری","۱ قاشق چای‌خوری = ۰.۳۳۳ قاشق غذاخوری | ۵ میلی‌لیتر | ۵ گرم (پایه عمومی)"
"266","دانه هل سبز کامل","ادویه‌جات و چاشنی‌ها","عدد","۱ عدد = ۰.۷۵ عدد بزرگ | ۱.۵ عدد کوچک | ۱۵۰ گرم | ۰.۱۵ کیلوگرم (پایه عمومی)"
"267","پودر کاری هندی","ادویه‌جات و چاشنی‌ها","قاشق چای‌خوری","۱ قاشق چای‌خوری = ۰.۳۳۳ قاشق غذاخوری | ۵ میلی‌لیتر | ۵ گرم (پایه عمومی)"
"268","پودر سیر خالص","ادویه‌جات و چاشنی‌ها","قاشق چای‌خوری","۱ قاشق چای‌خوری = ۰.۳۳۳ قاشق غذاخوری | ۵ میلی‌لیتر | ۵ گرم (پایه عمومی)"
"269","پودر پیاز","ادویه‌جات و چاشنی‌ها","قاشق چای‌خوری","۱ قاشق چای‌خوری = ۰.۳۳۳ قاشق غذاخوری | ۵ میلی‌لیتر | ۵ گرم (پایه عمومی)"
"270","آویشن شیرازی خشک","ادویه‌جات و چاشنی‌ها","قاشق چای‌خوری","۱ قاشق چای‌خوری = ۰.۳۳۳ قاشق غذاخوری | ۵ میلی‌لیتر | ۵ گرم (پایه عمومی)"
"271","پودر لیمو عمانی زرد","ادویه‌جات و چاشنی‌ها","قاشق چای‌خوری","۱ قاشق چای‌خوری = ۰.۳۳۳ قاشق غذاخوری | ۵ میلی‌لیتر | ۵ گرم (پایه عمومی)"
"272","پودر لیمو عمانی سیاه","ادویه‌جات و چاشنی‌ها","قاشق چای‌خوری","۱ قاشق چای‌خوری = ۰.۳۳۳ قاشق غذاخوری | ۵ میلی‌لیتر | ۵ گرم (پایه عمومی)"
"273","لیمو عمانی زرد سالم","ادویه‌جات و چاشنی‌ها","عدد","۱ عدد = ۰.۷۵ عدد بزرگ | ۱.۵ عدد کوچک | ۱۵۰ گرم | ۰.۱۵ کیلوگرم (پایه عمومی)"
"274","لیمو عمانی سیاه سالم","ادویه‌جات و چاشنی‌ها","عدد","۱ عدد = ۰.۷۵ عدد بزرگ | ۱.۵ عدد کوچک | ۱۵۰ گرم | ۰.۱۵ کیلوگرم (پایه عمومی)"
"275","گلپر پودری","ادویه‌جات و چاشنی‌ها","قاشق چای‌خوری","۱ قاشق چای‌خوری = ۰.۳۳۳ قاشق غذاخوری | ۵ میلی‌لیتر | ۵ گرم (پایه عمومی)"
"276","زیره سبز کوهی","ادویه‌جات و چاشنی‌ها","قاشق چای‌خوری","۱ قاشق چای‌خوری = ۰.۳۳۳ قاشق غذاخوری | ۵ میلی‌لیتر | ۵ گرم (پایه عمومی)"
"277","زیره سیاه کرمانی","ادویه‌جات و چاشنی‌ها","قاشق چای‌خوری","۱ قاشق چای‌خوری = ۰.۳۳۳ قاشق غذاخوری | ۵ میلی‌لیتر | ۵ گرم (پایه عمومی)"
"278","زعفران دم‌کرده","ادویه‌جات و چاشنی‌ها","قاشق غذاخوری","۱ قاشق غذاخوری = ۳ قاشق چای‌خوری | ۱۵ میلی‌لیتر | ۱۵ گرم | ۰.۰۶۲۵ پیمانه (پایه عمومی)"
"279","زعفران سرگل خشکی","ادویه‌جات و چاشنی‌ها","گرم","۱ گرم = ۰.۰۰۱ کیلوگرم | ۰.۰۰۴۱۶ پیمانه | ۰.۰۶۶۷ قاشق غذاخوری (پایه عمومی)"
"280","سماق قرمز تبریز","ادویه‌جات و چاشنی‌ها","قاشق چای‌خوری","۱ قاشق چای‌خوری = ۰.۳۳۳ قاشق غذاخوری | ۵ میلی‌لیتر | ۵ گرم (پایه عمومی)"
"281","سماق قهوه‌ای","ادویه‌جات و چاشنی‌ها","قاشق چای‌خوری","۱ قاشق چای‌خوری = ۰.۳۳۳ قاشق غذاخوری | ۵ میلی‌لیتر | ۵ گرم (پایه عمومی)"
"282","تخم گشنیز پودرشده","ادویه‌جات و چاشنی‌ها","قاشق چای‌خوری","۱ قاشق چای‌خوری = ۰.۳۳۳ قاشق غذاخوری | ۵ میلی‌لیتر | ۵ گرم (پایه عمومی)"
"283","غنچه گل محمدی","ادویه‌جات و چاشنی‌ها","عدد","۱ عدد = ۰.۷۵ عدد بزرگ | ۱.۵ عدد کوچک | ۱۵۰ گرم | ۰.۱۵ کیلوگرم (پایه عمومی)"
"284","پودر گل سرخ","ادویه‌جات و چاشنی‌ها","قاشق چای‌خوری","۱ قاشق چای‌خوری = ۰.۳۳۳ قاشق غذاخوری | ۵ میلی‌لیتر | ۵ گرم (پایه عمومی)"
"285","میخک هندی","ادویه‌جات و چاشنی‌ها","عدد","۱ عدد = ۰.۷۵ عدد بزرگ | ۱.۵ عدد کوچک | ۱۵۰ گرم | ۰.۱۵ کیلوگرم (پایه عمومی)"
"286","جوز هندی رنده‌شده","ادویه‌جات و چاشنی‌ها","قاشق چای‌خوری","۱ قاشق چای‌خوری = ۰.۳۳۳ قاشق غذاخوری | ۵ میلی‌لیتر | ۵ گرم (پایه عمومی)"
"287","دانه خردل زرد","ادویه‌جات و چاشنی‌ها","قاشق چای‌خوری","۱ قاشق چای‌خوری = ۰.۳۳۳ قاشق غذاخوری | ۵ میلی‌لیتر | ۵ گرم (پایه عمومی)"
"288","گلاب دوآتشه کاشان","ادویه‌جات و چاشنی‌ها","قاشق غذاخوری","۱ قاشق غذاخوری = ۳ قاشق چای‌خوری | ۱۵ میلی‌لیتر | ۱۵ گرم | ۰.۰۶۲۵ پیمانه (پایه عمومی)"
"289","عرق نعناع سنتی","ادویه‌جات و چاشنی‌ها","قاشق غذاخوری","۱ قاشق غذاخوری = ۳ قاشق چای‌خوری | ۱۵ میلی‌لیتر | ۱۵ گرم | ۰.۰۶۲۵ پیمانه (پایه عمومی)"
"290","عرق بهارنارنج","ادویه‌جات و چاشنی‌ها","قاشق غذاخوری","۱ قاشق غذاخوری = ۳ قاشق چای‌خوری | ۱۵ میلی‌لیتر | ۱۵ گرم | ۰.۰۶۲۵ پیمانه (پایه عمومی)"
"291","عرق بیدمشک","ادویه‌جات و چاشنی‌ها","قاشق غذاخوری","۱ قاشق غذاخوری = ۳ قاشق چای‌خوری | ۱۵ میلی‌لیتر | ۱۵ گرم | ۰.۰۶۲۵ پیمانه (پایه عمومی)"
"292","سرکه انگور سفید","ادویه‌جات و چاشنی‌ها","قاشق غذاخوری","۱ قاشق غذاخوری = ۳ قاشق چای‌خوری | ۱۵ میلی‌لیتر | ۱۵ گرم | ۰.۰۶۲۵ پیمانه (پایه عمومی)"
"293","سرکه انگور قرمز","ادویه‌جات و چاشنی‌ها","قاشق غذاخوری","۱ قاشق غذاخوری = ۳ قاشق چای‌خوری | ۱۵ میلی‌لیتر | ۱۵ گرم | ۰.۰۶۲۵ پیمانه (پایه عمومی)"
"294","سرکه سیب طبیعی","ادویه‌جات و چاشنی‌ها","قاشق غذاخوری","۱ قاشق غذاخوری = ۳ قاشق چای‌خوری | ۱۵ میلی‌لیتر | ۱۵ گرم | ۰.۰۶۲۵ پیمانه (پایه عمومی)"
"295","سرکه بالزامیک ایتالیایی","ادویه‌جات و چاشنی‌ها","قاشق غذاخوری","۱ قاشق غذاخوری = ۳ قاشق چای‌خوری | ۱۵ میلی‌لیتر | ۱۵ گرم | ۰.۰۶۲۵ پیمانه (پایه عمومی)"
"296","آبغوره شیراز","ادویه‌جات و چاشنی‌ها","قاشق غذاخوری","۱ قاشق غذاخوری = ۳ قاشق چای‌خوری | ۱۵ میلی‌لیتر | ۱۵ گرم | ۰.۰۶۲۵ پیمانه (پایه عمومی)"
"297","آبلیمو تازه خانگی","ادویه‌جات و چاشنی‌ها","قاشق غذاخوری","۱ قاشق غذاخوری = ۳ قاشق چای‌خوری | ۱۵ میلی‌لیتر | ۱۵ گرم | ۰.۰۶۲۵ پیمانه (پایه عمومی)"
"298","تمر هندی مرغوب","ادویه‌جات و چاشنی‌ها","گرم","۱ گرم = ۰.۰۰۱ کیلوگرم | ۰.۰۰۴۱۶ پیمانه | ۰.۰۶۶۷ قاشق غذاخوری (پایه عمومی)"
"299","رب انار ملس ساوه","ادویه‌جات و چاشنی‌ها","قاشق غذاخوری","۱ قاشق غذاخوری = ۳ قاشق چای‌خوری | ۱۵ میلی‌لیتر | ۱۵ گرم | ۰.۰۶۲۵ پیمانه (پایه عمومی)"
"300","رب انار ترش جلا","ادویه‌جات و چاشنی‌ها","قاشق غذاخوری","۱ قاشق غذاخوری = ۳ قاشق چای‌خوری | ۱۵ میلی‌لیتر | ۱۵ گرم | ۰.۰۶۲۵ پیمانه (پایه عمومی)"
"301","رب آلوچه جنگلی","ادویه‌جات و چاشنی‌ها","قاشق غذاخوری","۱ قاشق غذاخوری = ۳ قاشق چای‌خوری | ۱۵ میلی‌لیتر | ۱۵ گرم | ۰.۰۶۲۵ پیمانه (پایه عمومی)"
"302","قره‌قروت ترش","ادویه‌جات و چاشنی‌ها","گرم","۱ گرم = ۰.۰۰۱ کیلوگرم | ۰.۰۰۴۱۶ پیمانه | ۰.۰۶۶۷ قاشق غذاخوری (پایه عمومی)"
"303","عصاره مرغ الیت","ادویه‌جات و چاشنی‌ها","عدد","۱ عدد = ۰.۷۵ عدد بزرگ | ۱.۵ عدد کوچک | ۱۵۰ گرم | ۰.۱۵ کیلوگرم (پایه عمومی)"
"304","عصاره گوشت گوشت گوساله","ادویه‌جات و چاشنی‌ها","عدد","۱ عدد = ۰.۷۵ عدد بزرگ | ۱.۵ عدد کوچک | ۱۵۰ گرم | ۰.۱۵ کیلوگرم (پایه عمومی)"
"305","ادویه کاری مرغ و ماهی","ادویه‌جات و چاشنی‌ها","قاشق چای‌خوری","۱ قاشق چای‌خوری = ۰.۳۳۳ قاشق غذاخوری | ۵ میلی‌لیتر | ۵ گرم (پایه عمومی)"
"306","روغن مایع آفتابگردان","روغن، سس و رب","قاشق غذاخوری","۱ قاشق غذاخوری = ۳ قاشق چای‌خوری | ۱۵ میلی‌لیتر | ۱۵ گرم | ۰.۰۶۲۵ پیمانه (پایه عمومی)"
"307","روغن مخصوص سرخ‌کردنی","روغن، سس و رب","قاشق غذاخوری","۱ قاشق غذاخوری = ۳ قاشق چای‌خوری | ۱۵ میلی‌لیتر | ۱۵ گرم | ۰.۰۶۲۵ پیمانه (پایه عمومی)"
"308","روغن زیتون فرابکر (بی‌بو)","روغن، سس و رب","قاشق غذاخوری","۱ قاشق غذاخوری = ۳ قاشق چای‌خوری | ۱۵ میلی‌لیتر | ۱۵ گرم | ۰.۰۶۲۵ پیمانه (پایه عمومی)"
"309","روغن زیتون بودار سنتی","روغن، سس و رب","قاشق غذاخوری","۱ قاشق غذاخوری = ۳ قاشق چای‌خوری | ۱۵ میلی‌لیتر | ۱۵ گرم | ۰.۰۶۲۵ پیمانه (پایه عمومی)"
"310","روغن کنجد بکش","روغن، سس و رب","قاشق غذاخوری","۱ قاشق غذاخوری = ۳ قاشق چای‌خوری | ۱۵ میلی‌لیتر | ۱۵ گرم | ۰.۰۶۲۵ پیمانه (پایه عمومی)"
"311","روغن ارده کنجد","روغن، سس و رب","قاشق غذاخوری","۱ قاشق غذاخوری = ۳ قاشق چای‌خوری | ۱۵ میلی‌لیتر | ۱۵ گرم | ۰.۰۶۲۵ پیمانه (پایه عمومی)"
"312","روغن ذرت خالص","روغن، سس و رب","قاشق غذاخوری","۱ قاشق غذاخوری = ۳ قاشق چای‌خوری | ۱۵ میلی‌لیتر | ۱۵ گرم | ۰.۰۶۲۵ پیمانه (پایه عمومی)"
"313","روغن هسته انگور","روغن، سس و رب","قاشق غذاخوری","۱ قاشق غذاخوری = ۳ قاشق چای‌خوری | ۱۵ میلی‌لیتر | ۱۵ گرم | ۰.۰۶۲۵ پیمانه (پایه عمومی)"
"314","روغن کانولا (کلزا)","روغن، سس و رب","قاشق غذاخوری","۱ قاشق غذاخوری = ۳ قاشق چای‌خوری | ۱۵ میلی‌لیتر | ۱۵ گرم | ۰.۰۶۲۵ پیمانه (پایه عمومی)"
"315","روغن نارگیل خوراکی","روغن، سس و رب","قاشق غذاخوری","۱ قاشق غذاخوری = ۳ قاشق چای‌خوری | ۱۵ میلی‌لیتر | ۱۵ گرم | ۰.۰۶۲۵ پیمانه (پایه عمومی)"
"316","رب گوجه فرنگی غلیظ","روغن، سس و رب","قاشق غذاخوری","۱ قاشق غذاخوری = ۳ قاشق چای‌خوری | ۱۵ میلی‌لیتر | ۱۵ گرم | ۰.۰۶۲۵ پیمانه (پایه عمومی)"
"317","رب گوجه خانگی تنوری","روغن، سس و رب","قاشق غذاخوری","۱ قاشق غذاخوری = ۳ قاشق چای‌خوری | ۱۵ میلی‌لیتر | ۱۵ گرم | ۰.۰۶۲۵ پیمانه (پایه عمومی)"
"318","رب فلفل قرمز ترکیه‌ای","روغن، سس و رب","قاشق غذاخوری","۱ قاشق غذاخوری = ۳ قاشق چای‌خوری | ۱۵ میلی‌لیتر | ۱۵ گرم | ۰.۰۶۲۵ پیمانه (پایه عمومی)"
"319","سس مایونز کلاسک","روغن، سس و رب","قاشق غذاخوری","۱ قاشق غذاخوری = ۳ قاشق چای‌خوری | ۱۵ میلی‌لیتر | ۱۵ گرم | ۰.۰۶۲۵ پیمانه (پایه عمومی)"
"320","سس مایونز کم‌چرب","روغن، سس و رب","قاشق غذاخوری","۱ قاشق غذاخوری = ۳ قاشق چای‌خوری | ۱۵ میلی‌لیتر | ۱۵ گرم | ۰.۰۶۲۵ پیمانه (پایه عمومی)"
"321","سس خردل دیژون","روغن، سس و رب","قاشق غذاخوری","۱ قاشق غذاخوری = ۳ قاشق چای‌خوری | ۱۵ میلی‌لیتر | ۱۵ گرم | ۰.۰۶۲۵ پیمانه (پایه عمومی)"
"322","سس خردل ملایم","روغن، سس و رب","قاشق غذاخوری","۱ قاشق غذاخوری = ۳ قاشق چای‌خوری | ۱۵ میلی‌لیتر | ۱۵ گرم | ۰.۰۶۲۵ پیمانه (پایه عمومی)"
"323","سس کچاپ گوجه فرنگی","روغن، سس و رب","قاشق غذاخوری","۱ قاشق غذاخوری = ۳ قاشق چای‌خوری | ۱۵ میلی‌لیتر | ۱۵ گرم | ۰.۰۶۲۵ پیمانه (پایه عمومی)"
"324","سس کچاپ تند (تیکه‌دار)","روغن، سس و رب","قاشق غذاخوری","۱ قاشق غذاخوری = ۳ قاشق چای‌خوری | ۱۵ میلی‌لیتر | ۱۵ گرم | ۰.۰۶۲۵ پیمانه (پایه عمومی)"
"325","سس هزارجزیره","روغن، سس و رب","قاشق غذاخوری","۱ قاشق غذاخوری = ۳ قاشق چای‌خوری | ۱۵ میلی‌لیتر | ۱۵ گرم | ۰.۰۶۲۵ پیمانه (پایه عمومی)"
"326","سس فرانسوی سالاد","روغن، سس و رب","قاشق غذاخوری","۱ قاشق غذاخوری = ۳ قاشق چای‌خوری | ۱۵ میلی‌لیتر | ۱۵ گرم | ۰.۰۶۲۵ پیمانه (پایه عمومی)"
"327","سس سیر و سفید","روغن، سس و رب","قاشق غذاخوری","۱ قاشق غذاخوری = ۳ قاشق چای‌خوری | ۱۵ میلی‌لیتر | ۱۵ گرم | ۰.۰۶۲۵ پیمانه (پایه عمومی)"
"328","سس باربیکیو دودی","روغن، سس و رب","قاشق غذاخوری","۱ قاشق غذاخوری = ۳ قاشق چای‌خوری | ۱۵ میلی‌لیتر | ۱۵ گرم | ۰.۰۶۲۵ پیمانه (پایه عمومی)"
"329","سس سویا شور (تیره)","روغن، سس و رب","قاشق غذاخوری","۱ قاشق غذاخوری = ۳ قاشق چای‌خوری | ۱۵ میلی‌لیتر | ۱۵ گرم | ۰.۰۶۲۵ پیمانه (پایه عمومی)"
"330","سس تند تاباسکو","روغن، سس و رب","قاشق چای‌خوری","۱ قاشق چای‌خوری = ۰.۳۳۳ قاشق غذاخوری | ۵ میلی‌لیتر | ۵ گرم (پایه عمومی)"
"331","سس سالاد سزار","روغن، سس و رب","قاشق غذاخوری","۱ قاشق غذاخوری = ۳ قاشق چای‌خوری | ۱۵ میلی‌لیتر | ۱۵ گرم | ۰.۰۶۲۵ پیمانه (پایه عمومی)"
"332","سس چیلی شیرین تای","روغن، سس و رب","قاشق غذاخوری","۱ قاشق غذاخوری = ۳ قاشق چای‌خوری | ۱۵ میلی‌لیتر | ۱۵ گرم | ۰.۰۶۲۵ پیمانه (پایه عمومی)"
"333","سس بشامل (سس سفید)","روغن، سس و رب","پیمانه","۱ پیمانه = ۲۴۰ گرم | ۲۴۰ میلی‌لیتر | ۱۶ قاشق غذاخوری | ۴۸ قاشق چای‌خوری | ۱ لیوان (پایه عمومی)"
"334","سس انار مخصوص کباب","روغن، سس و رب","قاشق غذاخوری","۱ قاشق غذاخوری = ۳ قاشق چای‌خوری | ۱۵ میلی‌لیتر | ۱۵ گرم | ۰.۰۶۲۵ پیمانه (پایه عمومی)"
"335","ارده کنجد خالص","روغن، سس و رب","قاشق غذاخوری","۱ قاشق غذاخوری = ۳ قاشق چای‌خوری | ۱۵ میلی‌لیتر | ۱۵ گرم | ۰.۰۶۲۵ پیمانه (پایه عمومی)"
"336","مغز گردو تویسرکان","مغزها و خشکبار","گرم","۱ گرم = ۰.۰۰۱ کیلوگرم | ۰.۰۰۴۱۶ پیمانه | ۰.۰۶۶۷ قاشق غذاخوری (پایه عمومی)"
"337","مغز بادام درختی شیرین","مغزها و خشکبار","گرم","۱ گرم = ۰.۰۰۱ کیلوگرم | ۰.۰۰۴۱۶ پیمانه | ۰.۰۶۶۷ قاشق غذاخوری (پایه عمومی)"
"338","بادام زمینی برشته نمکی","مغزها و خشکبار","گرم","۱ گرم = ۰.۰۰۱ کیلوگرم | ۰.۰۰۴۱۶ پیمانه | ۰.۰۶۶۷ قاشق غذاخوری (پایه عمومی)"
"339","مغز بادام هندی خام","مغزها و خشکبار","گرم","۱ گرم = ۰.۰۰۱ کیلوگرم | ۰.۰۰۴۱۶ پیمانه | ۰.۰۶۶۷ قاشق غذاخوری (پایه عمومی)"
"340","پسته اکبری خندان","مغزها و خشکبار","گرم","۱ گرم = ۰.۰۰۱ کیلوگرم | ۰.۰۰۴۱۶ پیمانه | ۰.۰۶۶۷ قاشق غذاخوری (پایه عمومی)"
"341","مغز پسته کال سبز","مغزها و خشکبار","گرم","۱ گرم = ۰.۰۰۱ کیلوگرم | ۰.۰۰۴۱۶ پیمانه | ۰.۰۶۶۷ قاشق غذاخوری (پایه عمومی)"
"342","مغز فندق بو داده","مغزها و خشکبار","گرم","۱ گرم = ۰.۰۰۱ کیلوگرم | ۰.۰۰۴۱۶ پیمانه | ۰.۰۶۶۷ قاشق غذاخوری (پایه عمومی)"
"343","خلال بادام درختی","مغزها و خشکبار","گرم","۱ گرم = ۰.۰۰۱ کیلوگرم | ۰.۰۰۴۱۶ پیمانه | ۰.۰۶۶۷ قاشق غذاخوری (پایه عمومی)"
"344","خلال پسته سبز","مغزها و خشکبار","گرم","۱ گرم = ۰.۰۰۱ کیلوگرم | ۰.۰۰۴۱۶ پیمانه | ۰.۰۶۶۷ قاشق غذاخوری (پایه عمومی)"
"345","کشمش پلویی آفتابی","مغزها و خشکبار","پیمانه","۱ پیمانه = ۲۴۰ گرم | ۲۴۰ میلی‌لیتر | ۱۶ قاشق غذاخوری | ۴۸ قاشق چای‌خوری | ۱ لیوان (پایه عمومی)"
"346","کشمش سبز قلمی","مغزها و خشکبار","پیمانه","۱ پیمانه = ۲۴۰ گرم | ۲۴۰ میلی‌لیتر | ۱۶ قاشق غذاخوری | ۴۸ قاشق چای‌خوری | ۱ لیوان (پایه عمومی)"
"347","مویز سیاه بی‌هسته","مغزها و خشکبار","پیمانه","۱ پیمانه = ۲۴۰ گرم | ۲۴۰ میلی‌لیتر | ۱۶ قاشق غذاخوری | ۴۸ قاشق چای‌خوری | ۱ لیوان (پایه عمومی)"
"348","زرشک قرمز اعلا","مغزها و خشکبار","پیمانه","۱ پیمانه = ۲۴۰ گرم | ۲۴۰ میلی‌لیتر | ۱۶ قاشق غذاخوری | ۴۸ قاشق چای‌خوری | ۱ لیوان (پایه عمومی)"
"349","زرشک سیاه کوهی","مغزها و خشکبار","پیمانه","۱ پیمانه = ۲۴۰ گرم | ۲۴۰ میلی‌لیتر | ۱۶ قاشق غذاخوری | ۴۸ قاشق چای‌خوری | ۱ لیوان (پایه عمومی)"
"350","آلو بخارا خورشتی","مغزها و خشکبار","عدد","۱ عدد = ۰.۷۵ عدد بزرگ | ۱.۵ عدد کوچک | ۱۵۰ گرم | ۰.۱۵ کیلوگرم (پایه عمومی)"
"351","آلو برقانی طلایی","مغزها و خشکبار","عدد","۱ عدد = ۰.۷۵ عدد بزرگ | ۱.۵ عدد کوچک | ۱۵۰ گرم | ۰.۱۵ کیلوگرم (پایه عمومی)"
"352","آلوچه خشک ترش","مغزها و خشکبار","گرم","۱ گرم = ۰.۰۰۱ کیلوگرم | ۰.۰۰۴۱۶ پیمانه | ۰.۰۶۶۷ قاشق غذاخوری (پایه عمومی)"
"353","برگه زردآلو (قیسی)","مغزها و خشکبار","گرم","۱ گرم = ۰.۰۰۱ کیلوگرم | ۰.۰۰۴۱۶ پیمانه | ۰.۰۶۶۷ قاشق غذاخوری (پایه عمومی)"
"354","برگه هلو زعفرانی","مغزها و خشکبار","گرم","۱ گرم = ۰.۰۰۱ کیلوگرم | ۰.۰۰۴۱۶ پیمانه | ۰.۰۶۶۷ قاشق غذاخوری (پایه عمومی)"
"355","انجیر خشک استهبان","مغزها و خشکبار","گرم","۱ گرم = ۰.۰۰۱ کیلوگرم | ۰.۰۰۴۱۶ پیمانه | ۰.۰۶۶۷ قاشق غذاخوری (پایه عمومی)"
"356","توت خشک آفتابی","مغزها و خشکبار","گرم","۱ گرم = ۰.۰۰۱ کیلوگرم | ۰.۰۰۴۱۶ پیمانه | ۰.۰۶۶۷ قاشق غذاخوری (پایه عمومی)"
"357","خرمای مضافتی بم","مغزها و خشکبار","جعبه","طبق فرمول عمومی واحد جعبه"
"358","خرمای پیارم ممتاز","مغزها و خشکبار","گرم","۱ گرم = ۰.۰۰۱ کیلوگرم | ۰.۰۰۴۱۶ پیمانه | ۰.۰۶۶۷ قاشق غذاخوری (پایه عمومی)"
"359","خرمای زاهدی خشک","مغزها و خشکبار","گرم","۱ گرم = ۰.۰۰۱ کیلوگرم | ۰.۰۰۴۱۶ پیمانه | ۰.۰۶۶۷ قاشق غذاخوری (پایه عمومی)"
"360","خرمای استعمران","مغزها و خشکبار","گرم","۱ گرم = ۰.۰۰۱ کیلوگرم | ۰.۰۰۴۱۶ پیمانه | ۰.۰۶۶۷ قاشق غذاخوری (پایه عمومی)"
"361","خمیر خرما خالص","مغزها و خشکبار","گرم","۱ گرم = ۰.۰۰۱ کیلوگرم | ۰.۰۰۴۱۶ پیمانه | ۰.۰۶۶۷ قاشق غذاخوری (پایه عمومی)"
"362","کنجد سفید خام","مغزها و خشکبار","قاشق غذاخوری","۱ قاشق غذاخوری = ۳ قاشق چای‌خوری | ۱۵ میلی‌لیتر | ۱۵ گرم | ۰.۰۶۲۵ پیمانه (پایه عمومی)"
"363","کنجد سیاه بو داده","مغزها و خشکبار","قاشق غذاخوری","۱ قاشق غذاخوری = ۳ قاشق چای‌خوری | ۱۵ میلی‌لیتر | ۱۵ گرم | ۰.۰۶۲۵ پیمانه (پایه عمومی)"
"364","تخمه آفتابگردان دورسفید","مغزها و خشکبار","گرم","۱ گرم = ۰.۰۰۱ کیلوگرم | ۰.۰۰۴۱۶ پیمانه | ۰.۰۶۶۷ قاشق غذاخوری (پایه عمومی)"
"365","تخمه کدو گوشتی","مغزها و خشکبار","گرم","۱ گرم = ۰.۰۰۱ کیلوگرم | ۰.۰۰۴۱۶ پیمانه | ۰.۰۶۶۷ قاشق غذاخوری (پایه عمومی)"
"366","تخمه ژاپنی (جابانی)","مغزها و خشکبار","گرم","۱ گرم = ۰.۰۰۱ کیلوگرم | ۰.۰۰۴۱۶ پیمانه | ۰.۰۶۶۷ قاشق غذاخوری (پایه عمومی)"
"367","تخمه هندوانه بو داده","مغزها و خشکبار","گرم","۱ گرم = ۰.۰۰۱ کیلوگرم | ۰.۰۰۴۱۶ پیمانه | ۰.۰۶۶۷ قاشق غذاخوری (پایه عمومی)"
"368","مغز تخمه آفتابگردان","مغزها و خشکبار","گرم","۱ گرم = ۰.۰۰۱ کیلوگرم | ۰.۰۰۴۱۶ پیمانه | ۰.۰۶۶۷ قاشق غذاخوری (پایه عمومی)"
"369","دانه کاج (پاین نات)","مغزها و خشکبار","گرم","۱ گرم = ۰.۰۰۱ کیلوگرم | ۰.۰۰۴۱۶ پیمانه | ۰.۰۶۶۷ قاشق غذاخوری (پایه عمومی)"
"370","پودر نارگیل چرب","مغزها و خشکبار","پیمانه","۱ پیمانه = ۲۴۰ گرم | ۲۴۰ میلی‌لیتر | ۱۶ قاشق غذاخوری | ۴۸ قاشق چای‌خوری | ۱ لیوان (پایه عمومی)"
"371","سیب درختی قرمز","میوه‌جات و مرکبات","عدد","۱ عدد = ۰.۷۵ عدد بزرگ | ۱.۵ عدد کوچک | ۱۵۰ گرم | ۰.۱۵ کیلوگرم (پایه عمومی)"
"372","سیب درختی زرد","میوه‌جات و مرکبات","عدد","۱ عدد = ۰.۷۵ عدد بزرگ | ۱.۵ عدد کوچک | ۱۵۰ گرم | ۰.۱۵ کیلوگرم (پایه عمومی)"
"373","سیب ترش سبز (گلاب)","میوه‌جات و مرکبات","عدد","۱ عدد = ۰.۷۵ عدد بزرگ | ۱.۵ عدد کوچک | ۱۵۰ گرم | ۰.۱۵ کیلوگرم (پایه عمومی)"
"374","موز اکوادور","میوه‌جات و مرکبات","عدد","۱ عدد = ۰.۷۵ عدد بزرگ | ۱.۵ عدد کوچک | ۱۵۰ گرم | ۰.۱۵ کیلوگرم (پایه عمومی)"
"375","پرتقال تامسون شمال","میوه‌جات و مرکبات","عدد","۱ عدد = ۰.۷۵ عدد بزرگ | ۱.۵ عدد کوچک | ۱۵۰ گرم | ۰.۱۵ کیلوگرم (پایه عمومی)"
"376","پرتقال خونی جنوب","میوه‌جات و مرکبات","عدد","۱ عدد = ۰.۷۵ عدد بزرگ | ۱.۵ عدد کوچک | ۱۵۰ گرم | ۰.۱۵ کیلوگرم (پایه عمومی)"
"377","نارنگی سیاهو","میوه‌جات و مرکبات","عدد","۱ عدد = ۰.۷۵ عدد بزرگ | ۱.۵ عدد کوچک | ۱۵۰ گرم | ۰.۱۵ کیلوگرم (پایه عمومی)"
"378","لیمو ترش شیرازی","میوه‌جات و مرکبات","عدد","۱ عدد = ۰.۷۵ عدد بزرگ | ۱.۵ عدد کوچک | ۱۵۰ گرم | ۰.۱۵ کیلوگرم (پایه عمومی)"
"379","لیمو ترش سنگی","میوه‌جات و مرکبات","عدد","۱ عدد = ۰.۷۵ عدد بزرگ | ۱.۵ عدد کوچک | ۱۵۰ گرم | ۰.۱۵ کیلوگرم (پایه عمومی)"
"380","لیمو شیرین","میوه‌جات و مرکبات","عدد","۱ عدد = ۰.۷۵ عدد بزرگ | ۱.۵ عدد کوچک | ۱۵۰ گرم | ۰.۱۵ کیلوگرم (پایه عمومی)"
"381","گریپ‌فروت سرخ","میوه‌جات و مرکبات","عدد","۱ عدد = ۰.۷۵ عدد بزرگ | ۱.۵ عدد کوچک | ۱۵۰ گرم | ۰.۱۵ کیلوگرم (پایه عمومی)"
"382","انار یاقوتی","میوه‌جات و مرکبات","عدد","۱ عدد = ۰.۷۵ عدد بزرگ | ۱.۵ عدد کوچک | ۱۵۰ گرم | ۰.۱۵ کیلوگرم (پایه عمومی)"
"383","انار دون‌شده","میوه‌جات و مرکبات","پیمانه","۱ پیمانه = ۲۴۰ گرم | ۲۴۰ میلی‌لیتر | ۱۶ قاشق غذاخوری | ۴۸ قاشق چای‌خوری | ۱ لیوان (پایه عمومی)"
"384","انگور عسکری","میوه‌جات و مرکبات","حاشیه","طبق فرمول عمومی واحد حاشیه"
"385","انگور یاقوتی سیاه","میوه‌جات و مرکبات","حاشیه","طبق فرمول عمومی واحد حاشیه"
"386","توت فرنگی گلخانه‌ای","میوه‌جات و مرکبات","بسته","۱ بسته = ۲۰۰ گرم | ۱ عدد بسته (پایه عمومی)"
"387","شاتوت تازه","میوه‌جات و مرکبات","گرم","۱ گرم = ۰.۰۰۱ کیلوگرم | ۰.۰۰۴۱۶ پیمانه | ۰.۰۶۶۷ قاشق غذاخوری (پایه عمومی)"
"388","گیلاس تک‌دانه","میوه‌جات و مرکبات","گرم","۱ گرم = ۰.۰۰۱ کیلوگرم | ۰.۰۰۴۱۶ پیمانه | ۰.۰۶۶۷ قاشق غذاخوری (پایه عمومی)"
"389","آلبالو رسمی تازه","میوه‌جات و مرکبات","گرم","۱ گرم = ۰.۰۰۱ کیلوگرم | ۰.۰۰۴۱۶ پیمانه | ۰.۰۶۶۷ قاشق غذاخوری (پایه عمومی)"
"390","زردآلو صادراتی","میوه‌جات و مرکبات","عدد","۱ عدد = ۰.۷۵ عدد بزرگ | ۱.۵ عدد کوچک | ۱۵۰ گرم | ۰.۱۵ کیلوگرم (پایه عمومی)"
"391","هولو زعفرانی","میوه‌جات و مرکبات","عدد","۱ عدد = ۰.۷۵ عدد بزرگ | ۱.۵ عدد کوچک | ۱۵۰ گرم | ۰.۱۵ کیلوگرم (پایه عمومی)"
"392","شلیل انجیری","میوه‌جات و مرکبات","عدد","۱ عدد = ۰.۷۵ عدد بزرگ | ۱.۵ عدد کوچک | ۱۵۰ گرم | ۰.۱۵ کیلوگرم (پایه عمومی)"
"393","گوجه سبز برغان","میوه‌جات و مرکبات","گرم","۱ گرم = ۰.۰۰۱ کیلوگرم | ۰.۰۰۴۱۶ پیمانه | ۰.۰۶۶۷ قاشق غذاخوری (پایه عمومی)"
"394","آلو قطره‌طلا","میوه‌جات و مرکبات","عدد","۱ عدد = ۰.۷۵ عدد بزرگ | ۱.۵ عدد کوچک | ۱۵۰ گرم | ۰.۱۵ کیلوگرم (پایه عمومی)"
"395","خربزه مشهدی","میوه‌جات و مرکبات","قاچ","طبق فرمول عمومی واحد قاچ"
"396","طالبی ساوه","میوه‌جات و مرکبات","قاچ","طبق فرمول عمومی واحد قاچ"
"397","هندوانه میناب","میوه‌جات و مرکبات","قاچ","طبق فرمول عمومی واحد قاچ"
"398","گرمک شیرین","میوه‌جات و مرکبات","قاچ","طبق فرمول عمومی واحد قاچ"
"399","انبه پاکستان","میوه‌جات و مرکبات","عدد","۱ عدد = ۰.۷۵ عدد بزرگ | ۱.۵ عدد کوچک | ۱۵۰ گرم | ۰.۱۵ کیلوگرم (پایه عمومی)"
"400","کیوی هایوارد","میوه‌جات و مرکبات","عدد","۱ عدد = ۰.۷۵ عدد بزرگ | ۱.۵ عدد کوچک | ۱۵۰ گرم | ۰.۱۵ کیلوگرم (پایه عمومی)"
"401","آناناس طلایی","میوه‌جات و مرکبات","عدد","۱ عدد = ۰.۷۵ عدد بزرگ | ۱.۵ عدد کوچک | ۱۵۰ گرم | ۰.۱۵ کیلوگرم (پایه عمومی)"
"402","گلابی اسپادانا","میوه‌جات و مرکبات","عدد","۱ عدد = ۰.۷۵ عدد بزرگ | ۱.۵ عدد کوچک | ۱۵۰ گرم | ۰.۱۵ کیلوگرم (پایه عمومی)"
"403","به نطنز","میوه‌جات و مرکبات","عدد","۱ عدد = ۰.۷۵ عدد بزرگ | ۱.۵ عدد کوچک | ۱۵۰ گرم | ۰.۱۵ کیلوگرم (پایه عمومی)"
"404","خرمالو کن","میوه‌جات و مرکبات","عدد","۱ عدد = ۰.۷۵ عدد بزرگ | ۱.۵ عدد کوچک | ۱۵۰ گرم | ۰.۱۵ کیلوگرم (پایه عمومی)"
"405","انجیر سیاه تازه","میوه‌جات و مرکبات","عدد","۱ عدد = ۰.۷۵ عدد بزرگ | ۱.۵ عدد کوچک | ۱۵۰ گرم | ۰.۱۵ کیلوگرم (پایه عمومی)"
"406","نارگیل تازه","میوه‌جات و مرکبات","عدد","۱ عدد = ۰.۷۵ عدد بزرگ | ۱.۵ عدد کوچک | ۱۵۰ گرم | ۰.۱۵ کیلوگرم (پایه عمومی)"
"407","ازگیل","میوه‌جات و مرکبات","گرم","۱ گرم = ۰.۰۰۱ کیلوگرم | ۰.۰۰۴۱۶ پیمانه | ۰.۰۶۶۷ قاشق غذاخوری (پایه عمومی)"
"408","زالزالک","میوه‌جات و مرکبات","گرم","۱ گرم = ۰.۰۰۱ کیلوگرم | ۰.۰۰۴۱۶ پیمانه | ۰.۰۶۶۷ قاشق غذاخوری (پایه عمومی)"
"409","پاپایا استوایی","میوه‌جات و مرکبات","عدد","۱ عدد = ۰.۷۵ عدد بزرگ | ۱.۵ عدد کوچک | ۱۵۰ گرم | ۰.۱۵ کیلوگرم (پایه عمومی)"
"410","دراگون فروت","میوه‌جات و مرکبات","عدد","۱ عدد = ۰.۷۵ عدد بزرگ | ۱.۵ عدد کوچک | ۱۵۰ گرم | ۰.۱۵ کیلوگرم (پایه عمومی)"
"411","کنسرو تن ماهی در روغن گیاهی","کنسروجات و ترشیجات","قوطی","۱ قوطی = ۴۰۰ گرم | ۱ عدد (پایه عمومی)"
"412","کنسرو تن ماهی دودی","کنسروجات و ترشیجات","قوطی","۱ قوطی = ۴۰۰ گرم | ۱ عدد (پایه عمومی)"
"413","کنسرو لوبیا چیتی با سس گوجه","کنسروجات و ترشیجات","قوطی","۱ قوطی = ۴۰۰ گرم | ۱ عدد (پایه عمومی)"
"414","کنسرو لوبیا چیتی با قارچ","کنسروجات و ترشیجات","قوطی","۱ قوطی = ۴۰۰ گرم | ۱ عدد (پایه عمومی)"
"415","کنسرو ذرت شیرین","کنسروجات و ترشیجات","قوطی","۱ قوطی = ۴۰۰ گرم | ۱ عدد (پایه عمومی)"
"416","کنسرو نخود فرنگی","کنسروجات و ترشیجات","قوطی","۱ قوطی = ۴۰۰ گرم | ۱ عدد (پایه عمومی)"
"417","کنسرو قارچ ورقه ای","کنسروجات و ترشیجات","قوطی","۱ قوطی = ۴۰۰ گرم | ۱ عدد (پایه عمومی)"
"418","کنسرو سرخ‌شده بادمجان","کنسروجات و ترشیجات","قوطی","۱ قوطی = ۴۰۰ گرم | ۱ عدد (پایه عمومی)"
"419","کنسرو خورش قیمه آماده","کنسروجات و ترشیجات","قوطی","۱ قوطی = ۴۰۰ گرم | ۱ عدد (پایه عمومی)"
"420","کنسرو خورش قورمه سبزی","کنسروجات و ترشیجات","قوطی","۱ قوطی = ۴۰۰ گرم | ۱ عدد (پایه عمومی)"
"421","کنسرو عدسی آماده","کنسروجات و ترشیجات","قوطی","۱ قوطی = ۴۰۰ گرم | ۱ عدد (پایه عمومی)"
"422","ترشی مخلوط ریز مجلسی","کنسروجات و ترشیجات","شیشه","طبق فرمول عمومی واحد شیشه"
"423","ترشی لیته تند","کنسروجات و ترشیجات","شیشه","طبق فرمول عمومی واحد شیشه"
"424","ترشی سیر مروارید ۷ ساله","کنسروجات و ترشیجات","شیشه","طبق فرمول عمومی واحد شیشه"
"425","ترشی کلم قرمز بنفش","کنسروجات و ترشیجات","شیشه","طبق فرمول عمومی واحد شیشه"
"426","ترشی فلفل هالاپینو","کنسروجات و ترشیجات","شیشه","طبق فرمول عمومی واحد شیشه"
"427","ترشی بادمجان شکم‌پر","کنسروجات و ترشیجات","شیشه","طبق فرمول عمومی واحد شیشه"
"428","ترشی انبه چابهار","کنسروجات و ترشیجات","شیشه","طبق فرمول عمومی واحد شیشه"
"429","ترشی پیاز بنفش","کنسروجات و ترشیجات","شیشه","طبق فرمول عمومی واحد شیشه"
"430","ترشی بندری اسپایسی","کنسروجات و ترشیجات","شیشه","طبق فرمول عمومی واحد شیشه"
"431","خیارشور ممتاز خیاری","کنسروجات و ترشیجات","شیشه","طبق فرمول عمومی واحد شیشه"
"432","خیارشور ویژه نول","کنسروجات و ترشیجات","شیشه","طبق فرمول عمومی واحد شیشه"
"433","زیتون شور ساده","کنسروجات و ترشیجات","شیشه","طبق فرمول عمومی واحد شیشه"
"434","شور مخلوط تابستانی","کنسروجات و ترشیجات","شیشه","طبق فرمول عمومی واحد شیشه"
"435","کمپوت آناناس حلقه‌ای","کنسروجات و ترشیجات","قوطی","۱ قوطی = ۴۰۰ گرم | ۱ عدد (پایه عمومی)"
"436","کمپوت گیلاس سرخ","کنسروجات و ترشیجات","قوطی","۱ قوطی = ۴۰۰ گرم | ۱ عدد (پایه عمومی)"
"437","کمپوت هلو زعفرانی","کنسروجات و ترشیجات","قوطی","۱ قوطی = ۴۰۰ گرم | ۱ عدد (پایه عمومی)"
"438","کمپوت سیب زرد","کنسروجات و ترشیجات","قوطی","۱ قوطی = ۴۰۰ گرم | ۱ عدد (پایه عمومی)"
"439","کنسرو نخود آبگوشتی","کنسروجات و ترشیجات","قوطی","۱ قوطی = ۴۰۰ گرم | ۱ عدد (پایه عمومی)"
"440","ترشی قارچ و زیتون","کنسروجات و ترشیجات","شیشه","طبق فرمول عمومی واحد شیشه"
"441","شکر سفید تصفیه‌شده","مربا، عسل و شیرین‌کننده‌ها","پیمانه","۱ پیمانه = ۲۴۰ گرم | ۲۴۰ میلی‌لیتر | ۱۶ قاشق غذاخوری | ۴۸ قاشق چای‌خوری | ۱ لیوان (پایه عمومی)"
"442","شکر قهوه‌ای نیشکر","مربا، عسل و شیرین‌کننده‌ها","پیمانه","۱ پیمانه = ۲۴۰ گرم | ۲۴۰ میلی‌لیتر | ۱۶ قاشق غذاخوری | ۴۸ قاشق چای‌خوری | ۱ لیوان (پایه عمومی)"
"443","پودر قند نرم","مربا، عسل و شیرین‌کننده‌ها","پیمانه","۱ پیمانه = ۲۴۰ گرم | ۲۴۰ میلی‌لیتر | ۱۶ قاشق غذاخوری | ۴۸ قاشق چای‌خوری | ۱ لیوان (پایه عمومی)"
"444","نبات شاخه‌ای زعفرانی","مربا، عسل و شیرین‌کننده‌ها","شاخه","طبق فرمول عمومی واحد شاخه"
"445","نبات چوبی ساده","مربا، عسل و شیرین‌کننده‌ها","عدد","۱ عدد = ۰.۷۵ عدد بزرگ | ۱.۵ عدد کوچک | ۱۵۰ گرم | ۰.۱۵ کیلوگرم (پایه عمومی)"
"446","عسل طبیعی چهل‌گیاه","مربا، عسل و شیرین‌کننده‌ها","قاشق غذاخوری","۱ قاشق غذاخوری = ۳ قاشق چای‌خوری | ۱۵ میلی‌لیتر | ۱۵ گرم | ۰.۰۶۲۵ پیمانه (پایه عمومی)"
"447","عسل آویشن کوهی","مربا، عسل و شیرین‌کننده‌ها","قاشق غذاخوری","۱ قاشق غذاخوری = ۳ قاشق چای‌خوری | ۱۵ میلی‌لیتر | ۱۵ گرم | ۰.۰۶۲۵ پیمانه (پایه عمومی)"
"448","عسل کنار خوزستان","مربا، عسل و شیرین‌کننده‌ها","قاشق غذاخوری","۱ قاشق غذاخوری = ۳ قاشق چای‌خوری | ۱۵ میلی‌لیتر | ۱۵ گرم | ۰.۰۶۲۵ پیمانه (پایه عمومی)"
"449","شیره انگور ملایر","مربا، عسل و شیرین‌کننده‌ها","قاشق غذاخوری","۱ قاشق غذاخوری = ۳ قاشق چای‌خوری | ۱۵ میلی‌لیتر | ۱۵ گرم | ۰.۰۶۲۵ پیمانه (پایه عمومی)"
"450","شیره خرما جنوب","مربا، عسل و شیرین‌کننده‌ها","قاشق غذاخوری","۱ قاشق غذاخوری = ۳ قاشق چای‌خوری | ۱۵ میلی‌لیتر | ۱۵ گرم | ۰.۰۶۲۵ پیمانه (پایه عمومی)"
"451","شیره توت سفید","مربا، عسل و شیرین‌کننده‌ها","قاشق غذاخوری","۱ قاشق غذاخوری = ۳ قاشق چای‌خوری | ۱۵ میلی‌لیتر | ۱۵ گرم | ۰.۰۶۲۵ پیمانه (پایه عمومی)"
"452","مربای هویج زعفرانی","مربا، عسل و شیرین‌کننده‌ها","قاشق غذاخوری","۱ قاشق غذاخوری = ۳ قاشق چای‌خوری | ۱۵ میلی‌لیتر | ۱۵ گرم | ۰.۰۶۲۵ پیمانه (پایه عمومی)"
"453","مربای آلبالو آلبالویی","مربا، عسل و شیرین‌کننده‌ها","قاشق غذاخوری","۱ قاشق غذاخوری = ۳ قاشق چای‌خوری | ۱۵ میلی‌لیتر | ۱۵ گرم | ۰.۰۶۲۵ پیمانه (پایه عمومی)"
"454","مربای به خوش‌رنگ","مربا، عسل و شیرین‌کننده‌ها","قاشق غذاخوری","۱ قاشق غذاخوری = ۳ قاشق چای‌خوری | ۱۵ میلی‌لیتر | ۱۵ گرم | ۰.۰۶۲۵ پیمانه (پایه عمومی)"
"455","مربای بالنگ معطر","مربا، عسل و شیرین‌کننده‌ها","قاشق غذاخوری","۱ قاشق غذاخوری = ۳ قاشق چای‌خوری | ۱۵ میلی‌لیتر | ۱۵ گرم | ۰.۰۶۲۵ پیمانه (پایه عمومی)"
"456","مربای توت فرنگی","مربا، عسل و شیرین‌کننده‌ها","قاشق غذاخوری","۱ قاشق غذاخوری = ۳ قاشق چای‌خوری | ۱۵ میلی‌لیتر | ۱۵ گرم | ۰.۰۶۲۵ پیمانه (پایه عمومی)"
"457","مربای انجیر سیاه","مربا، عسل و شیرین‌کننده‌ها","قاشق غذاخوری","۱ قاشق غذاخوری = ۳ قاشق چای‌خوری | ۱۵ میلی‌لیتر | ۱۵ گرم | ۰.۰۶۲۵ پیمانه (پایه عمومی)"
"458","مربای پوست پسته","مربا، عسل و شیرین‌کننده‌ها","قاشق غذاخوری","۱ قاشق غذاخوری = ۳ قاشق چای‌خوری | ۱۵ میلی‌لیتر | ۱۵ گرم | ۰.۰۶۲۵ پیمانه (پایه عمومی)"
"459","مربای گل محمدی (گل سرخ)","مربا، عسل و شیرین‌کننده‌ها","قاشق غذاخوری","۱ قاشق غذاخوری = ۳ قاشق چای‌خوری | ۱۵ میلی‌لیتر | ۱۵ گرم | ۰.۰۶۲۵ پیمانه (پایه عمومی)"
"460","مربای کیوی ترش و شیرین","مربا، عسل و شیرین‌کننده‌ها","قاشق غذاخوری","۱ قاشق غذاخوری = ۳ قاشق چای‌خوری | ۱۵ میلی‌لیتر | ۱۵ گرم | ۰.۰۶۲۵ پیمانه (پایه عمومی)"
"461","مربای بهارنارنج شیراز","مربا، عسل و شیرین‌کننده‌ها","قاشق غذاخوری","۱ قاشق غذاخوری = ۳ قاشق چای‌خوری | ۱۵ میلی‌لیتر | ۱۵ گرم | ۰.۰۶۲۵ پیمانه (پایه عمومی)"
"462","شیره افرا (میپل)","مربا، عسل و شیرین‌کننده‌ها","قاشق غذاخوری","۱ قاشق غذاخوری = ۳ قاشق چای‌خوری | ۱۵ میلی‌لیتر | ۱۵ گرم | ۰.۰۶۲۵ پیمانه (پایه عمومی)"
"463","پودر استویا (رژیمی)","مربا، عسل و شیرین‌کننده‌ها","قاشق چای‌خوری","۱ قاشق چای‌خوری = ۰.۳۳۳ قاشق غذاخوری | ۵ میلی‌لیتر | ۵ گرم (پایه عمومی)"
"464","شکلات صبحانه نوتلا","مربا، عسل و شیرین‌کننده‌ها","قاشق غذاخوری","۱ قاشق غذاخوری = ۳ قاشق چای‌خوری | ۱۵ میلی‌لیتر | ۱۵ گرم | ۰.۰۶۲۵ پیمانه (پایه عمومی)"
"465","کرم کنجد کاکائویی","مربا، عسل و شیرین‌کننده‌ها","قاشق غذاخوری","۱ قاشق غذاخوری = ۳ قاشق چای‌خوری | ۱۵ میلی‌لیتر | ۱۵ گرم | ۰.۰۶۲۵ پیمانه (پایه عمومی)"
"466","کره بادام زمینی کرمی","مربا، عسل و شیرین‌کننده‌ها","قاشق غذاخوری","۱ قاشق غذاخوری = ۳ قاشق چای‌خوری | ۱۵ میلی‌لیتر | ۱۵ گرم | ۰.۰۶۲۵ پیمانه (پایه عمومی)"
"467","کره بادام زمینی تکه‌دار","مربا، عسل و شیرین‌کننده‌ها","قاشق غذاخوری","۱ قاشق غذاخوری = ۳ قاشق چای‌خوری | ۱۵ میلی‌لیتر | ۱۵ گرم | ۰.۰۶۲۵ پیمانه (پایه عمومی)"
"468","مربای کدو حلوایی","مربا، عسل و شیرین‌کننده‌ها","قاشق غذاخوری","۱ قاشق غذاخوری = ۳ قاشق چای‌خوری | ۱۵ میلی‌لیتر | ۱۵ گرم | ۰.۰۶۲۵ پیمانه (پایه عمومی)"
"469","مربای پوست نارنج","مربا، عسل و شیرین‌کننده‌ها","قاشق غذاخوری","۱ قاشق غذاخوری = ۳ قاشق چای‌خوری | ۱۵ میلی‌لیتر | ۱۵ گرم | ۰.۰۶۲۵ پیمانه (پایه عمومی)"
"470","مربای شقاقل","مربا، عسل و شیرین‌کننده‌ها","قاشق غذاخوری","۱ قاشق غذاخوری = ۳ قاشق چای‌خوری | ۱۵ میلی‌لیتر | ۱۵ گرم | ۰.۰۶۲۵ پیمانه (پایه عمومی)"
"471","چای سیاه سرگل لاهیجان","نوشیدنی‌ها و دم‌نوش‌ها","قاشق غذاخوری","۱ قاشق غذاخوری = ۳ قاشق چای‌خوری | ۱۵ میلی‌لیتر | ۱۵ گرم | ۰.۰۶۲۵ پیمانه (پایه عمومی)"
"472","چای ارل گری عطری","نوشیدنی‌ها و دم‌نوش‌ها","قاشق غذاخوری","۱ قاشق غذاخوری = ۳ قاشق چای‌خوری | ۱۵ میلی‌لیتر | ۱۵ گرم | ۰.۰۶۲۵ پیمانه (پایه عمومی)"
"473","چای سبز یاسمن","نوشیدنی‌ها و دم‌نوش‌ها","قاشق غذاخوری","۱ قاشق غذاخوری = ۳ قاشق چای‌خوری | ۱۵ میلی‌لیتر | ۱۵ گرم | ۰.۰۶۲۵ پیمانه (پایه عمومی)"
"474","چای ترش مصری","نوشیدنی‌ها و دم‌نوش‌ها","قاشق غذاخوری","۱ قاشق غذاخوری = ۳ قاشق چای‌خوری | ۱۵ میلی‌لیتر | ۱۵ گرم | ۰.۰۶۲۵ پیمانه (پایه عمومی)"
"475","چای سفید با کیفیت","نوشیدنی‌ها و دم‌نوش‌ها","قاشق غذاخوری","۱ قاشق غذاخوری = ۳ قاشق چای‌خوری | ۱۵ میلی‌لیتر | ۱۵ گرم | ۰.۰۶۲۵ پیمانه (پایه عمومی)"
"476","قهوه اسپرسو بن مانو (دانه)","نوشیدنی‌ها و دم‌نوش‌ها","گرم","۱ گرم = ۰.۰۰۱ کیلوگرم | ۰.۰۰۴۱۶ پیمانه | ۰.۰۶۶۷ قاشق غذاخوری (پایه عمومی)"
"477","قهوه ترک اصل","نوشیدنی‌ها و دم‌نوش‌ها","قاشق چای‌خوری","۱ قاشق چای‌خوری = ۰.۳۳۳ قاشق غذاخوری | ۵ میلی‌لیتر | ۵ گرم (پایه عمومی)"
"478","قهوه فوری نسکافه گلد","نوشیدنی‌ها و دم‌نوش‌ها","قاشق چای‌خوری","۱ قاشق چای‌خوری = ۰.۳۳۳ قاشق غذاخوری | ۵ میلی‌لیتر | ۵ گرم (پایه عمومی)"
"479","پودر کاکائو هلندی","نوشیدنی‌ها و دم‌نوش‌ها","قاشق غذاخوری","۱ قاشق غذاخوری = ۳ قاشق چای‌خوری | ۱۵ میلی‌لیتر | ۱۵ گرم | ۰.۰۶۲۵ پیمانه (پایه عمومی)"
"480","چای ماسالا اسپایسی","نوشیدنی‌ها و دم‌نوش‌ها","قاشق غذاخوری","۱ قاشق غذاخوری = ۳ قاشق چای‌خوری | ۱۵ میلی‌لیتر | ۱۵ گرم | ۰.۰۶۲۵ پیمانه (پایه عمومی)"
"481","گل گاوزبان تازه","نوشیدنی‌ها و دم‌نوش‌ها","قاشق غذاخوری","۱ قاشق غذاخوری = ۳ قاشق چای‌خوری | ۱۵ میلی‌لیتر | ۱۵ گرم | ۰.۰۶۲۵ پیمانه (پایه عمومی)"
"482","سنبل‌الطیب","نوشیدنی‌ها و دم‌نوش‌ها","قاشق چای‌خوری","۱ قاشق چای‌خوری = ۰.۳۳۳ قاشق غذاخوری | ۵ میلی‌لیتر | ۵ گرم (پایه عمومی)"
"483","گل بابونه خشک","نوشیدنی‌ها و دم‌نوش‌ها","قاشق غذاخوری","۱ قاشق غذاخوری = ۳ قاشق چای‌خوری | ۱۵ میلی‌لیتر | ۱۵ گرم | ۰.۰۶۲۵ پیمانه (پایه عمومی)"
"484","بهارنارنج خشک","نوشیدنی‌ها و دم‌نوش‌ها","قاشق غذاخوری","۱ قاشق غذاخوری = ۳ قاشق چای‌خوری | ۱۵ میلی‌لیتر | ۱۵ گرم | ۰.۰۶۲۵ پیمانه (پایه عمومی)"
"485","اسطوخودوس (لاوندر)","نوشیدنی‌ها و دم‌نوش‌ها","قاشق چای‌خوری","۱ قاشق چای‌خوری = ۰.۳۳۳ قاشق غذاخوری | ۵ میلی‌لیتر | ۵ گرم (پایه عمومی)"
"486","شربت بهارنارنج","نوشیدنی‌ها و دم‌نوش‌ها","قاشق غذاخوری","۱ قاشق غذاخوری = ۳ قاشق چای‌خوری | ۱۵ میلی‌لیتر | ۱۵ گرم | ۰.۰۶۲۵ پیمانه (پایه عمومی)"
"487","شربت سکنجبین خیار","نوشیدنی‌ها و دم‌نوش‌ها","قاشق غذاخوری","۱ قاشق غذاخوری = ۳ قاشق چای‌خوری | ۱۵ میلی‌لیتر | ۱۵ گرم | ۰.۰۶۲۵ پیمانه (پایه عمومی)"
"488","شربت گلاب زعفران","نوشیدنی‌ها و دم‌نوش‌ها","قاشق غذاخوری","۱ قاشق غذاخوری = ۳ قاشق چای‌خوری | ۱۵ میلی‌لیتر | ۱۵ گرم | ۰.۰۶۲۵ پیمانه (پایه عمومی)"
"489","شربت آلبالو خانگی","نوشیدنی‌ها و دم‌نوش‌ها","قاشق غذاخوری","۱ قاشق غذاخوری = ۳ قاشق چای‌خوری | ۱۵ میلی‌لیتر | ۱۵ گرم | ۰.۰۶۲۵ پیمانه (پایه عمومی)"
"490","ماءالشعیر کلاسیک ساده","نوشیدنی‌ها و دم‌نوش‌ها","قوطی","۱ قوطی = ۴۰۰ گرم | ۱ عدد (پایه عمومی)"
"491","ماءالشعیر لیمویی","نوشیدنی‌ها و دم‌نوش‌ها","قوطی","۱ قوطی = ۴۰۰ گرم | ۱ عدد (پایه عمومی)"
"492","نوشابه کولا مشکی","نوشیدنی‌ها و دم‌نوش‌ها","قوطی","۱ قوطی = ۴۰۰ گرم | ۱ عدد (پایه عمومی)"
"493","نوشابه پرتقالی میرندا","نوشیدنی‌ها و دم‌نوش‌ها","قوطی","۱ قوطی = ۴۰۰ گرم | ۱ عدد (پایه عمومی)"
"494","آب‌معدنی تک‌نفره","نوشیدنی‌ها و دم‌نوش‌ها","بطری","طبق فرمول عمومی واحد بطری"
"495","نکتار انبه پالپ‌دار","نوشیدنی‌ها و دم‌نوش‌ها","پاکت","طبق فرمول عمومی واحد پاکت"
"496","آبمیوه طبیعی پرتقال","نوشیدنی‌ها و دم‌نوش‌ها","لیوان","۱ لیوان = ۲۴۰ گرم | ۲۴۰ میلی‌لیتر | ۱۶ قاشق غذاخوری | ۴۸ قاشق چای‌خوری | ۱ پیمانه (پایه عمومی)"
"497","آبمیوه طبیعی سیب","نوشیدنی‌ها و دم‌نوش‌ها","لیوان","۱ لیوان = ۲۴۰ گرم | ۲۴۰ میلی‌لیتر | ۱۶ قاشق غذاخوری | ۴۸ قاشق چای‌خوری | ۱ پیمانه (پایه عمومی)"
"498","آب انار طبیعی سنتی","نوشیدنی‌ها و دم‌نوش‌ها","لیوان","۱ لیوان = ۲۴۰ گرم | ۲۴۰ میلی‌لیتر | ۱۶ قاشق غذاخوری | ۴۸ قاشق چای‌خوری | ۱ پیمانه (پایه عمومی)"
"499","آب زرشک طبیعی","نوشیدنی‌ها و دم‌نوش‌ها","لیوان","۱ لیوان = ۲۴۰ گرم | ۲۴۰ میلی‌لیتر | ۱۶ قاشق غذاخوری | ۴۸ قاشق چای‌خوری | ۱ پیمانه (پایه عمومی)"
"500","آب هویج تازه","نوشیدنی‌ها و دم‌نوش‌ها","لیوان","۱ لیوان = ۲۴۰ گرم | ۲۴۰ میلی‌لیتر | ۱۶ قاشق غذاخوری | ۴۸ قاشق چای‌خوری | ۱ پیمانه (پایه عمومی)"
"501","بیکینگ پودر ممتاز","شیرینی و لوازم قنادی","قاشق چای‌خوری","۱ قاشق چای‌خوری = ۰.۳۳۳ قاشق غذاخوری | ۵ میلی‌لیتر | ۵ گرم (پایه عمومی)"
"502","جوش شیرین خوراکی","شیرینی و لوازم قنادی","قاشق چای‌خوری","۱ قاشق چای‌خوری = ۰.۳۳۳ قاشق غذاخوری | ۵ میلی‌لیتر | ۵ گرم (پایه عمومی)"
"503","پودر ژلاتین خالص","شیرینی و لوازم قنادی","قاشق غذاخوری","۱ قاشق غذاخوری = ۳ قاشق چای‌خوری | ۱۵ میلی‌لیتر | ۱۵ گرم | ۰.۰۶۲۵ پیمانه (پایه عمومی)"
"504","ورق ژلاتین آلمانی","شیرینی و لوازم قنادی","عدد","۱ عدد = ۰.۷۵ عدد بزرگ | ۱.۵ عدد کوچک | ۱۵۰ گرم | ۰.۱۵ کیلوگرم (پایه عمومی)"
"505","نشاسته ذرت سفید","شیرینی و لوازم قنادی","قاشق غذاخوری","۱ قاشق غذاخوری = ۳ قاشق چای‌خوری | ۱۵ میلی‌لیتر | ۱۵ گرم | ۰.۰۶۲۵ پیمانه (پایه عمومی)"
"506","نشاسته گندم گل","شیرینی و لوازم قنادی","قاشق غذاخوری","۱ قاشق غذاخوری = ۳ قاشق چای‌خوری | ۱۵ میلی‌لیتر | ۱۵ گرم | ۰.۰۶۲۵ پیمانه (پایه عمومی)"
"507","پودر خمیرمایه فوری","شیرینی و لوازم قنادی","قاشق غذاخوری","۱ قاشق غذاخوری = ۳ قاشق چای‌خوری | ۱۵ میلی‌لیتر | ۱۵ گرم | ۰.۰۶۲۵ پیمانه (پایه عمومی)"
"508","شکلات تخته‌ای تلخ ۷۰٪","شیرینی و لوازم قنادی","گرم","۱ گرم = ۰.۰۰۱ کیلوگرم | ۰.۰۰۴۱۶ پیمانه | ۰.۰۶۶۷ قاشق غذاخوری (پایه عمومی)"
"509","شکلات تخته‌ای شیری","شیرینی و لوازم قنادی","گرم","۱ گرم = ۰.۰۰۱ کیلوگرم | ۰.۰۰۴۱۶ پیمانه | ۰.۰۶۶۷ قاشق غذاخوری (پایه عمومی)"
"510","شکلات چیپسی نسوز","شیرینی و لوازم قنادی","گرم","۱ گرم = ۰.۰۰۱ کیلوگرم | ۰.۰۰۴۱۶ پیمانه | ۰.۰۶۶۷ قاشق غذاخوری (پایه عمومی)"
"511","پودر کیک آماده وانیلی","شیرینی و لوازم قنادی","بسته","۱ بسته = ۲۰۰ گرم | ۱ عدد بسته (پایه عمومی)"
"512","پودر کیک آماده شکلاتی","شیرینی و لوازم قنادی","بسته","۱ بسته = ۲۰۰ گرم | ۱ عدد بسته (پایه عمومی)"
"513","پودر ژله موز","شیرینی و لوازم قنادی","بسته","۱ بسته = ۲۰۰ گرم | ۱ عدد بسته (پایه عمومی)"
"514","پودر ژله توت فرنگی","شیرینی و لوازم قنادی","بسته","۱ بسته = ۲۰۰ گرم | ۱ عدد بسته (پایه عمومی)"
"515","پودر ژله انار","شیرینی و لوازم قنادی","بسته","۱ بسته = ۲۰۰ گرم | ۱ عدد بسته (پایه عمومی)"
"516","پودر ژله بلوبری","شیرینی و لوازم قنادی","بسته","۱ بسته = ۲۰۰ گرم | ۱ عدد بسته (پایه عمومی)"
"517","پودر دسر کارامل","شیرینی و لوازم قنادی","بسته","۱ بسته = ۲۰۰ گرم | ۱ عدد بسته (پایه عمومی)"
"518","خمیر هزارلا قنادی","شیرینی و لوازم قنادی","بسته","۱ بسته = ۲۰۰ گرم | ۱ عدد بسته (پایه عمومی)"
"519","اسانس وانیل مایع","شیرینی و لوازم قنادی","قطره","طبق فرمول عمومی واحد قطره"
"520","پودر وانیل خرس","شیرینی و لوازم قنادی","قاشق چای‌خوری","۱ قاشق چای‌خوری = ۰.۳۳۳ قاشق غذاخوری | ۵ میلی‌لیتر | ۵ گرم (پایه عمومی)"
"521","رنگ خوراکی ژله‌ای قرمز","شیرینی و لوازم قنادی","قطره","طبق فرمول عمومی واحد قطره"
"522","ترافل رنگی تزیینی","شیرینی و لوازم قنادی","گرم","۱ گرم = ۰.۰۰۱ کیلوگرم | ۰.۰۰۴۱۶ پیمانه | ۰.۰۶۶۷ قاشق غذاخوری (پایه عمومی)"
"523","پودر تارتار","شیرینی و لوازم قنادی","قاشق چای‌خوری","۱ قاشق چای‌خوری = ۰.۳۳۳ قاشق غذاخوری | ۵ میلی‌لیتر | ۵ گرم (پایه عمومی)"
"524","نان بستنی قیچی","شیرینی و لوازم قنادی","عدد","۱ عدد = ۰.۷۵ عدد بزرگ | ۱.۵ عدد کوچک | ۱۵۰ گرم | ۰.۱۵ کیلوگرم (پایه عمومی)"
"525","مروارید خوراکی طلایی","شیرینی و لوازم قنادی","بسته","۱ بسته = ۲۰۰ گرم | ۱ عدد بسته (پایه عمومی)"
"526","چیپس نمک دریایی","سایـر و تنقلات","بسته","۱ بسته = ۲۰۰ گرم | ۱ عدد بسته (پایه عمومی)"
"527","چیپس سرکه بالزامیک","سایـر و تنقلات","بسته","۱ بسته = ۲۰۰ گرم | ۱ عدد بسته (پایه عمومی)"
"528","پفک نمکی مینو","سایـر و تنقلات","بسته","۱ بسته = ۲۰۰ گرم | ۱ عدد بسته (پایه عمومی)"
"529","کرانچی تند و آتشین","سایـر و تنقلات","بسته","۱ بسته = ۲۰۰ گرم | ۱ عدد بسته (پایه عمومی)"
"530","پاپ کورن کچاپ","سایـر و تنقلات","بسته","۱ بسته = ۲۰۰ گرم | ۱ عدد بسته (پایه عمومی)"
"531","بیسکویت ساقه طلایی","سایـر و تنقلات","بسته","۱ بسته = ۲۰۰ گرم | ۱ عدد بسته (پایه عمومی)"
"532","بیسکویت پتی‌بور وانیلی","سایـر و تنقلات","بسته","۱ بسته = ۲۰۰ گرم | ۱ عدد بسته (پایه عمومی)"
"533","بیسکویت مادر سنتی","سایـر و تنقلات","بسته","۱ بسته = ۲۰۰ گرم | ۱ عدد بسته (پایه عمومی)"
"534","ویفر شکلاتی فندقی","سایـر و تنقلات","بسته","۱ بسته = ۲۰۰ گرم | ۱ عدد بسته (پایه عمومی)"
"535","چوب شوری کنجدی","سایـر و تنقلات","بسته","۱ بسته = ۲۰۰ گرم | ۱ عدد بسته (پایه عمومی)"
"536","اسنک پنیری کلوچه","سایـر و تنقلات","بسته","۱ بسته = ۲۰۰ گرم | ۱ عدد بسته (پایه عمومی)"
"537","لواشک ترش مخلوط","سایـر و تنقلات","ورقه","طبق فرمول عمومی واحد ورقه"
"538","ترشک آلوچه لذیذ","سایـر و تنقلات","پیمانه","۱ پیمانه = ۲۴۰ گرم | ۲۴۰ میلی‌لیتر | ۱۶ قاشق غذاخوری | ۴۸ قاشق چای‌خوری | ۱ لیوان (پایه عمومی)"
"539","قره‌قروت آلوچه جنگلی","سایـر و تنقلات","بسته","۱ بسته = ۲۰۰ گرم | ۱ عدد بسته (پایه عمومی)"
"540","شکلات مغزدار جرقه","سایـر و تنقلات","عدد","۱ عدد = ۰.۷۵ عدد بزرگ | ۱.۵ عدد کوچک | ۱۵۰ گرم | ۰.۱۵ کیلوگرم (پایه عمومی)"
"541","آدامس دارچینی شیک","سایـر و تنقلات","بسته","۱ بسته = ۲۰۰ گرم | ۱ عدد بسته (پایه عمومی)"
"542","آدامس بایودنت نعناعی","سایـر و تنقلات","بسته","۱ بسته = ۲۰۰ گرم | ۱ عدد بسته (پایه عمومی)"
"543","آبنبات شیرین میوه‌ای","سایـر و تنقلات","عدد","۱ عدد = ۰.۷۵ عدد بزرگ | ۱.۵ عدد کوچک | ۱۵۰ گرم | ۰.۱۵ کیلوگرم (پایه عمومی)"
"544","گندمک شیرین عسلی","سایـر و تنقلات","پیمانه","۱ پیمانه = ۲۴۰ گرم | ۲۴۰ میلی‌لیتر | ۱۶ قاشق غذاخوری | ۴۸ قاشق چای‌خوری | ۱ لیوان (پایه عمومی)"
"545","برنجک بوداده","سایـر و تنقلات","پیمانه","۱ پیمانه = ۲۴۰ گرم | ۲۴۰ میلی‌لیتر | ۱۶ قاشق غذاخوری | ۴۸ قاشق چای‌خوری | ۱ لیوان (پایه عمومی)"
"546","نودل با طعم مرغ","سایـر و تنقلات","بسته","۱ بسته = ۲۰۰ گرم | ۱ عدد بسته (پایه عمومی)"
"547","نودل با طعم گوشت اسپایسی","سایـر و تنقلات","بسته","۱ بسته = ۲۰۰ گرم | ۱ عدد بسته (پایه عمومی)"
"548","سوپ آماده الیت آماده","سایـر و تنقلات","بسته","۱ بسته = ۲۰۰ گرم | ۱ عدد بسته (پایه عمومی)"
"549","سس الویه آماده آمادور","سایـر و تنقلات","قوطی","۱ قوطی = ۴۰۰ گرم | ۱ عدد (پایه عمومی)"
"550","پودر سوپ جو آماده","سایـر و تنقلات","بسته","۱ بسته = ۲۰۰ گرم | ۱ عدد بسته (پایه عمومی)"